vector,word,Maxpos_x,wordCount_x,percent_of_total_x,Maxpos_y,wordCount_y,percent_of_total_y
1,break,NOUN,1,20.0,NOUN,4,0.4127966976264189
14,break,NOUN,1,11.11111111111111,NOUN,4,0.4127966976264189
56,break,NOUN,1,50.0,NOUN,4,0.4127966976264189
113,break,NOUN,1,20.0,NOUN,4,0.4127966976264189
1,bus,NOUN,1,20.0,NOUN,2,0.2063983488132094
165,bus,NOUN,1,14.285714285714285,NOUN,2,0.2063983488132094
1,meditation,NOUN,1,20.0,NOUN,2,0.2063983488132094
26,meditation,NOUN,1,11.11111111111111,NOUN,2,0.2063983488132094
1,study,NOUN,1,20.0,NOUN,2,0.2063983488132094
107,study,NOUN,1,8.333333333333332,NOUN,2,0.2063983488132094
1,wearable,NOUN,1,20.0,NOUN,9,0.9287925696594428
113,wearable,ADJ,1,20.0,NOUN,9,0.9287925696594428
154,wearable,ADJ,1,6.666666666666667,NOUN,9,0.9287925696594428
155,wearable,ADJ,1,12.5,NOUN,9,0.9287925696594428
156,wearable,ADJ,1,11.11111111111111,NOUN,9,0.9287925696594428
159,wearable,ADJ,1,12.5,NOUN,9,0.9287925696594428
162,wearable,ADJ,1,20.0,NOUN,9,0.9287925696594428
171,wearable,ADJ,1,25.0,NOUN,9,0.9287925696594428
203,wearable,ADJ,1,11.11111111111111,NOUN,9,0.9287925696594428
2,affective,ADJ,1,33.33333333333333,ADJ,1,0.1031991744066047
2,computing,NOUN,1,33.33333333333333,NOUN,1,0.1031991744066047
2,stress,NOUN,1,33.33333333333333,NOUN,3,0.3095975232198142
178,stress,NOUN,2,20.0,NOUN,3,0.3095975232198142
3,bot,NOUN,1,20.0,NOUN,1,0.1031991744066047
3,emotional,ADJ,1,20.0,ADJ,1,0.1031991744066047
3,format,NOUN,1,20.0,NOUN,1,0.1031991744066047
3,support,NOUN,1,20.0,NOUN,1,0.1031991744066047
3,tangible,ADJ,1,20.0,ADJ,6,0.6191950464396285
5,tangible,ADJ,1,20.0,ADJ,6,0.6191950464396285
6,tangible,ADJ,1,25.0,ADJ,6,0.6191950464396285
83,tangible,ADJ,1,2.1739130434782608,ADJ,6,0.6191950464396285
84,tangible,ADJ,1,2.5,ADJ,6,0.6191950464396285
150,tangible,ADJ,1,14.285714285714285,ADJ,6,0.6191950464396285
4,different,ADJ,1,20.0,ADJ,3,0.3095975232198142
22,different,ADJ,1,12.5,ADJ,3,0.3095975232198142
28,different,ADJ,1,5.88235294117647,ADJ,3,0.3095975232198142
4,friend,NOUN,1,20.0,NOUN,1,0.1031991744066047
4,people,NOUN,1,20.0,NOUN,21,2.1671826625387
6,people,NOUN,1,25.0,NOUN,21,2.1671826625387
15,people,NOUN,2,22.22222222222222,NOUN,21,2.1671826625387
16,people,NOUN,1,9.090909090909092,NOUN,21,2.1671826625387
17,people,NOUN,1,9.090909090909092,NOUN,21,2.1671826625387
18,people,NOUN,1,12.5,NOUN,21,2.1671826625387
20,people,NOUN,1,20.0,NOUN,21,2.1671826625387
26,people,NOUN,1,11.11111111111111,NOUN,21,2.1671826625387
102,people,NOUN,1,16.666666666666664,NOUN,21,2.1671826625387
104,people,NOUN,1,16.666666666666664,NOUN,21,2.1671826625387
105,people,NOUN,1,20.0,NOUN,21,2.1671826625387
109,people,NOUN,1,7.142857142857142,NOUN,21,2.1671826625387
110,people,NOUN,1,16.666666666666664,NOUN,21,2.1671826625387
115,people,NOUN,1,5.555555555555555,NOUN,21,2.1671826625387
158,people,NOUN,1,8.333333333333332,NOUN,21,2.1671826625387
159,people,NOUN,1,12.5,NOUN,21,2.1671826625387
174,people,NOUN,1,9.090909090909092,NOUN,21,2.1671826625387
175,people,NOUN,1,9.090909090909092,NOUN,21,2.1671826625387
176,people,NOUN,1,8.333333333333332,NOUN,21,2.1671826625387
202,people,NOUN,1,16.666666666666664,NOUN,21,2.1671826625387
4,personality,NOUN,1,20.0,NOUN,1,0.1031991744066047
4,vibe,NOUN,1,20.0,NOUN,1,0.1031991744066047
5,collaborate,ADJ,1,20.0,ADJ,1,0.1031991744066047
5,light,NOUN,1,20.0,NOUN,19,1.96078431372549
22,light,NOUN,1,12.5,NOUN,19,1.96078431372549
26,light,NOUN,1,11.11111111111111,NOUN,19,1.96078431372549
64,light,NOUN,1,14.285714285714285,NOUN,19,1.96078431372549
75,light,NOUN,5,12.82051282051282,NOUN,19,1.96078431372549
76,light,ADJ,3,7.894736842105263,NOUN,19,1.96078431372549
115,light,NOUN,2,11.11111111111111,NOUN,19,1.96078431372549
177,light,NOUN,1,11.11111111111111,NOUN,19,1.96078431372549
207,light,ADJ,1,10.0,NOUN,19,1.96078431372549
209,light,NOUN,1,25.0,NOUN,19,1.96078431372549
212,light,NOUN,1,14.285714285714285,NOUN,19,1.96078431372549
227,light,NOUN,1,10.0,NOUN,19,1.96078431372549
5,meeting,NOUN,1,20.0,NOUN,1,0.1031991744066047
5,realistic,ADJ,1,20.0,ADJ,1,0.1031991744066047
6,melatonin,NOUN,1,25.0,NOUN,1,0.1031991744066047
6,sleep,NOUN,1,25.0,NOUN,3,0.3095975232198142
10,sleep,NOUN,1,12.5,NOUN,3,0.3095975232198142
26,sleep,NOUN,1,11.11111111111111,NOUN,3,0.3095975232198142
7,amount,NOUN,1,10.0,NOUN,2,0.2063983488132094
227,amount,NOUN,1,10.0,NOUN,2,0.2063983488132094
7,coffee,NOUN,2,20.0,NOUN,2,0.2063983488132094
7,cup,NOUN,2,20.0,NOUN,2,0.2063983488132094
7,outside,NOUN,1,10.0,NOUN,3,0.3095975232198142
111,outside,ADJ,1,14.285714285714285,NOUN,3,0.3095975232198142
112,outside,ADJ,1,11.11111111111111,NOUN,3,0.3095975232198142
7,progress,NOUN,1,10.0,NOUN,3,0.3095975232198142
55,progress,NOUN,1,25.0,NOUN,3,0.3095975232198142
84,progress,NOUN,1,2.5,NOUN,3,0.3095975232198142
7,screen,NOUN,1,10.0,NOUN,8,0.8255933952528379
14,screen,NOUN,1,11.11111111111111,NOUN,8,0.8255933952528379
20,screen,NOUN,1,20.0,NOUN,8,0.8255933952528379
54,screen,NOUN,1,50.0,NOUN,8,0.8255933952528379
99,screen,NOUN,2,50.0,NOUN,8,0.8255933952528379
165,screen,NOUN,1,14.285714285714285,NOUN,8,0.8255933952528379
207,screen,NOUN,1,10.0,NOUN,8,0.8255933952528379
7,tangent,NOUN,1,10.0,NOUN,1,0.1031991744066047
7,track,NOUN,1,10.0,NOUN,6,0.6191950464396285
13,track,NOUN,1,16.666666666666664,NOUN,6,0.6191950464396285
53,track,NOUN,1,33.33333333333333,NOUN,6,0.6191950464396285
55,track,NOUN,1,25.0,NOUN,6,0.6191950464396285
84,track,NOUN,1,2.5,NOUN,6,0.6191950464396285
210,track,NOUN,1,20.0,NOUN,6,0.6191950464396285
8,audio,ADJ,1,12.5,ADJ,3,0.3095975232198142
106,audio,ADJ,1,33.33333333333333,ADJ,3,0.3095975232198142
148,audio,ADJ,1,11.11111111111111,ADJ,3,0.3095975232198142
8,device,NOUN,1,12.5,NOUN,23,2.3735810113519094
56,device,NOUN,1,50.0,NOUN,23,2.3735810113519094
62,device,NOUN,1,10.0,NOUN,23,2.3735810113519094
63,device,NOUN,1,50.0,NOUN,23,2.3735810113519094
75,device,NOUN,2,5.128205128205128,NOUN,23,2.3735810113519094
76,device,NOUN,3,7.894736842105263,NOUN,23,2.3735810113519094
83,device,NOUN,2,4.3478260869565215,NOUN,23,2.3735810113519094
84,device,NOUN,3,7.5,NOUN,23,2.3735810113519094
108,device,NOUN,2,22.22222222222222,NOUN,23,2.3735810113519094
148,device,NOUN,1,11.11111111111111,NOUN,23,2.3735810113519094
164,device,NOUN,1,33.33333333333333,NOUN,23,2.3735810113519094
176,device,NOUN,3,25.0,NOUN,23,2.3735810113519094
226,device,NOUN,1,12.5,NOUN,23,2.3735810113519094
227,device,NOUN,1,10.0,NOUN,23,2.3735810113519094
8,document,NOUN,1,12.5,NOUN,1,0.1031991744066047
8,file,NOUN,1,12.5,NOUN,1,0.1031991744066047
8,paper,NOUN,1,12.5,NOUN,2,0.2063983488132094
28,paper,NOUN,1,5.88235294117647,NOUN,2,0.2063983488132094
8,reading,NOUN,1,12.5,NOUN,1,0.1031991744066047
8,transit,NOUN,1,12.5,NOUN,1,0.1031991744066047
8,user,NOUN,1,12.5,NOUN,28,2.8895768833849327
28,user,NOUN,2,11.76470588235294,NOUN,28,2.8895768833849327
30,user,NOUN,1,9.090909090909092,NOUN,28,2.8895768833849327
57,user,NOUN,1,33.33333333333333,NOUN,28,2.8895768833849327
58,user,NOUN,1,20.0,NOUN,28,2.8895768833849327
76,user,NOUN,1,2.631578947368421,NOUN,28,2.8895768833849327
83,user,NOUN,1,2.1739130434782608,NOUN,28,2.8895768833849327
84,user,NOUN,2,5.0,NOUN,28,2.8895768833849327
85,user,NOUN,4,14.285714285714285,NOUN,28,2.8895768833849327
113,user,NOUN,1,20.0,NOUN,28,2.8895768833849327
114,user,NOUN,1,11.11111111111111,NOUN,28,2.8895768833849327
115,user,NOUN,1,5.555555555555555,NOUN,28,2.8895768833849327
148,user,NOUN,1,11.11111111111111,NOUN,28,2.8895768833849327
149,user,NOUN,1,10.0,NOUN,28,2.8895768833849327
150,user,NOUN,1,14.285714285714285,NOUN,28,2.8895768833849327
155,user,NOUN,2,25.0,NOUN,28,2.8895768833849327
159,user,NOUN,1,12.5,NOUN,28,2.8895768833849327
160,user,NOUN,1,11.11111111111111,NOUN,28,2.8895768833849327
161,user,NOUN,1,14.285714285714285,NOUN,28,2.8895768833849327
224,user,NOUN,1,33.33333333333333,NOUN,28,2.8895768833849327
226,user,NOUN,1,12.5,NOUN,28,2.8895768833849327
227,user,NOUN,1,10.0,NOUN,28,2.8895768833849327
9,call,NOUN,1,16.666666666666664,NOUN,3,0.3095975232198142
102,call,NOUN,1,16.666666666666664,NOUN,3,0.3095975232198142
160,call,NOUN,1,11.11111111111111,NOUN,3,0.3095975232198142
9,earring,NOUN,1,16.666666666666664,NOUN,1,0.1031991744066047
9,hard,ADJ,1,16.666666666666664,ADJ,1,0.1031991744066047
9,headset,NOUN,1,16.666666666666664,NOUN,1,0.1031991744066047
9,smart,ADJ,1,16.666666666666664,ADJ,4,0.4127966976264189
85,smart,ADJ,2,7.142857142857142,ADJ,4,0.4127966976264189
211,smart,ADJ,1,20.0,ADJ,4,0.4127966976264189
9,unobtrusive,ADJ,1,16.666666666666664,ADJ,1,0.1031991744066047
10,breathing,NOUN,1,12.5,NOUN,1,0.1031991744066047
10,flight,NOUN,1,12.5,NOUN,1,0.1031991744066047
10,long,ADJ,1,12.5,ADJ,2,0.2063983488132094
83,long,ADJ,1,2.1739130434782608,ADJ,2,0.2063983488132094
10,mechanic,NOUN,1,12.5,NOUN,1,0.1031991744066047
10,neck,NOUN,1,12.5,NOUN,1,0.1031991744066047
10,pattern,NOUN,1,12.5,NOUN,1,0.1031991744066047
10,pillow,NOUN,1,12.5,NOUN,7,0.7223942208462332
85,pillow,NOUN,5,17.857142857142858,NOUN,7,0.7223942208462332
222,pillow,NOUN,1,50.0,NOUN,7,0.7223942208462332
11,favorite,ADJ,1,11.11111111111111,ADJ,1,0.1031991744066047
11,hotel,NOUN,1,11.11111111111111,NOUN,1,0.1031991744066047
11,interface,NOUN,1,11.11111111111111,NOUN,8,0.8255933952528379
13,interface,NOUN,1,16.666666666666664,NOUN,8,0.8255933952528379
14,interface,NOUN,1,11.11111111111111,NOUN,8,0.8255933952528379
83,interface,NOUN,1,2.1739130434782608,NOUN,8,0.8255933952528379
150,interface,NOUN,1,14.285714285714285,NOUN,8,0.8255933952528379
154,interface,NOUN,1,6.666666666666667,NOUN,8,0.8255933952528379
155,interface,NOUN,1,12.5,NOUN,8,0.8255933952528379
156,interface,NOUN,1,11.11111111111111,NOUN,8,0.8255933952528379
11,local,ADJ,1,11.11111111111111,ADJ,1,0.1031991744066047
11,most,ADJ,1,11.11111111111111,ADJ,1,0.1031991744066047
11,spot,NOUN,1,11.11111111111111,NOUN,1,0.1031991744066047
11,trip,NOUN,1,11.11111111111111,NOUN,1,0.1031991744066047
11,work,NOUN,1,11.11111111111111,NOUN,9,0.9287925696594428
16,work,NOUN,1,9.090909090909092,NOUN,9,0.9287925696594428
17,work,NOUN,1,9.090909090909092,NOUN,9,0.9287925696594428
30,work,NOUN,1,9.090909090909092,NOUN,9,0.9287925696594428
113,work,NOUN,1,20.0,NOUN,9,0.9287925696594428
149,work,NOUN,1,10.0,NOUN,9,0.9287925696594428
201,work,NOUN,1,12.5,NOUN,9,0.9287925696594428
206,work,NOUN,1,14.285714285714285,NOUN,9,0.9287925696594428
213,work,NOUN,1,14.285714285714285,NOUN,9,0.9287925696594428
11,worker,NOUN,1,11.11111111111111,NOUN,3,0.3095975232198142
16,worker,NOUN,1,9.090909090909092,NOUN,3,0.3095975232198142
111,worker,NOUN,1,14.285714285714285,NOUN,3,0.3095975232198142
12,case,NOUN,1,20.0,NOUN,1,0.1031991744066047
12,interactive,ADJ,1,20.0,ADJ,6,0.6191950464396285
18,interactive,ADJ,1,12.5,ADJ,6,0.6191950464396285
27,interactive,ADJ,1,10.0,ADJ,6,0.6191950464396285
30,interactive,ADJ,1,9.090909090909092,ADJ,6,0.6191950464396285
158,interactive,ADJ,1,8.333333333333332,ADJ,6,0.6191950464396285
165,interactive,ADJ,1,14.285714285714285,ADJ,6,0.6191950464396285
12,laptop,NOUN,2,40.0,NOUN,5,0.5159958720330238
207,laptop,NOUN,1,10.0,NOUN,5,0.5159958720330238
211,laptop,NOUN,1,20.0,NOUN,5,0.5159958720330238
223,laptop,NOUN,1,25.0,NOUN,5,0.5159958720330238
12,stand,NOUN,1,20.0,NOUN,1,0.1031991744066047
13,good,ADJ,1,16.666666666666664,ADJ,1,0.1031991744066047
13,practice,NOUN,1,16.666666666666664,NOUN,2,0.2063983488132094
14,practice,NOUN,1,11.11111111111111,NOUN,2,0.2063983488132094
13,productivity,NOUN,1,16.666666666666664,NOUN,2,0.2063983488132094
17,productivity,NOUN,1,9.090909090909092,NOUN,2,0.2063983488132094
13,time,NOUN,1,16.666666666666664,NOUN,8,0.8255933952528379
60,time,NOUN,1,25.0,NOUN,8,0.8255933952528379
85,time,NOUN,1,3.571428571428571,NOUN,8,0.8255933952528379
115,time,NOUN,1,5.555555555555555,NOUN,8,0.8255933952528379
160,time,NOUN,1,11.11111111111111,NOUN,8,0.8255933952528379
165,time,NOUN,1,14.285714285714285,NOUN,8,0.8255933952528379
198,time,NOUN,1,50.0,NOUN,8,0.8255933952528379
210,time,NOUN,1,20.0,NOUN,8,0.8255933952528379
14,drink,NOUN,1,11.11111111111111,NOUN,1,0.1031991744066047
14,reminder,NOUN,1,11.11111111111111,NOUN,4,0.4127966976264189
21,reminder,NOUN,1,16.666666666666664,NOUN,4,0.4127966976264189
84,reminder,NOUN,1,2.5,NOUN,4,0.4127966976264189
156,reminder,NOUN,1,11.11111111111111,NOUN,4,0.4127966976264189
14,such,ADJ,1,11.11111111111111,ADJ,2,0.2063983488132094
83,such,ADJ,1,2.1739130434782608,ADJ,2,0.2063983488132094
14,walk,NOUN,1,11.11111111111111,NOUN,1,0.1031991744066047
14,water,NOUN,1,11.11111111111111,NOUN,4,0.4127966976264189
58,water,NOUN,1,20.0,NOUN,4,0.4127966976264189
161,water,NOUN,2,28.57142857142857,NOUN,4,0.4127966976264189
15,able,ADJ,1,11.11111111111111,ADJ,4,0.4127966976264189
17,able,ADJ,2,18.181818181818183,ADJ,4,0.4127966976264189
60,able,ADJ,1,25.0,ADJ,4,0.4127966976264189
15,conversation,NOUN,1,11.11111111111111,NOUN,1,0.1031991744066047
15,exchange,NOUN,1,11.11111111111111,NOUN,1,0.1031991744066047
15,idea,NOUN,1,11.11111111111111,NOUN,2,0.2063983488132094
57,idea,NOUN,1,33.33333333333333,NOUN,2,0.2063983488132094
15,new,ADJ,1,11.11111111111111,ADJ,1,0.1031991744066047
15,place,NOUN,1,11.11111111111111,NOUN,2,0.2063983488132094
17,place,NOUN,1,9.090909090909092,NOUN,2,0.2063983488132094
15,proximity,NOUN,1,11.11111111111111,NOUN,1,0.1031991744066047
16,connection,NOUN,1,9.090909090909092,NOUN,1,0.1031991744066047
16,facilitation,NOUN,1,9.090909090909092,NOUN,1,0.1031991744066047
16,picture,NOUN,1,9.090909090909092,NOUN,1,0.1031991744066047
16,platform,NOUN,1,9.090909090909092,NOUN,2,0.2063983488132094
17,platform,NOUN,1,9.090909090909092,NOUN,2,0.2063983488132094
16,public,ADJ,1,9.090909090909092,ADJ,4,0.4127966976264189
30,public,ADJ,1,9.090909090909092,ADJ,4,0.4127966976264189
105,public,ADJ,1,20.0,ADJ,4,0.4127966976264189
111,public,ADJ,1,14.285714285714285,ADJ,4,0.4127966976264189
16,review,NOUN,1,9.090909090909092,NOUN,2,0.2063983488132094
30,review,NOUN,1,9.090909090909092,NOUN,2,0.2063983488132094
16,space,NOUN,2,18.181818181818183,NOUN,8,0.8255933952528379
30,space,NOUN,1,9.090909090909092,NOUN,8,0.8255933952528379
51,space,NOUN,1,50.0,NOUN,8,0.8255933952528379
111,space,NOUN,1,14.285714285714285,NOUN,8,0.8255933952528379
201,space,NOUN,2,25.0,NOUN,8,0.8255933952528379
207,space,NOUN,1,10.0,NOUN,8,0.8255933952528379
17,accountabilitybuddy,NOUN,1,9.090909090909092,NOUN,1,0.1031991744066047
17,common,ADJ,1,9.090909090909092,ADJ,1,0.1031991744066047
17,goal,NOUN,1,9.090909090909092,NOUN,2,0.2063983488132094
85,goal,NOUN,1,3.571428571428571,NOUN,2,0.2063983488132094
17,preference,NOUN,1,9.090909090909092,NOUN,1,0.1031991744066047
18,checklist,NOUN,1,12.5,NOUN,1,0.1031991744066047
18,fun,NOUN,1,12.5,NOUN,2,0.2063983488132094
108,fun,NOUN,1,11.11111111111111,NOUN,2,0.2063983488132094
18,list,NOUN,1,12.5,NOUN,3,0.3095975232198142
24,list,NOUN,1,20.0,NOUN,3,0.3095975232198142
84,list,NOUN,1,2.5,NOUN,3,0.3095975232198142
18,task,NOUN,1,12.5,NOUN,9,0.9287925696594428
24,task,NOUN,1,20.0,NOUN,9,0.9287925696594428
55,task,NOUN,1,25.0,NOUN,9,0.9287925696594428
67,task,NOUN,1,25.0,NOUN,9,0.9287925696594428
84,task,NOUN,4,10.0,NOUN,9,0.9287925696594428
150,task,NOUN,1,14.285714285714285,NOUN,9,0.9287925696594428
18,todo,ADJ,1,12.5,ADJ,2,0.2063983488132094
84,todo,ADJ,1,2.5,ADJ,2,0.2063983488132094
18,way,NOUN,1,12.5,NOUN,3,0.3095975232198142
101,way,NOUN,1,20.0,NOUN,3,0.3095975232198142
102,way,NOUN,1,16.666666666666664,NOUN,3,0.3095975232198142
19,exam,NOUN,1,20.0,NOUN,1,0.1031991744066047
19,measure,NOUN,1,20.0,NOUN,2,0.2063983488132094
210,measure,NOUN,1,20.0,NOUN,2,0.2063983488132094
19,online,ADJ,1,20.0,ADJ,1,0.1031991744066047
19,pulse,NOUN,1,20.0,NOUN,3,0.3095975232198142
21,pulse,NOUN,1,16.666666666666664,NOUN,3,0.3095975232198142
174,pulse,NOUN,1,9.090909090909092,NOUN,3,0.3095975232198142
19,tui,NOUN,1,20.0,NOUN,2,0.2063983488132094
24,tui,NOUN,1,20.0,NOUN,2,0.2063983488132094
20,move,NOUN,1,20.0,NOUN,1,0.1031991744066047
20,portable,ADJ,1,20.0,ADJ,7,0.7223942208462332
76,portable,ADJ,1,2.631578947368421,ADJ,7,0.7223942208462332
99,portable,ADJ,1,25.0,ADJ,7,0.7223942208462332
100,portable,ADJ,1,20.0,ADJ,7,0.7223942208462332
101,portable,ADJ,1,20.0,ADJ,7,0.7223942208462332
125,portable,ADJ,1,16.666666666666664,ADJ,7,0.7223942208462332
223,portable,ADJ,1,25.0,ADJ,7,0.7223942208462332
20,printer,NOUN,1,20.0,NOUN,1,0.1031991744066047
21,awake,ADJ,1,16.666666666666664,ADJ,1,0.1031991744066047
21,deadline,NOUN,1,16.666666666666664,NOUN,1,0.1031991744066047
21,pen,NOUN,1,16.666666666666664,NOUN,3,0.3095975232198142
28,pen,NOUN,2,11.76470588235294,NOUN,3,0.3095975232198142
21,sensory,ADJ,1,16.666666666666664,ADJ,1,0.1031991744066047
22,adjustment,NOUN,1,12.5,NOUN,2,0.2063983488132094
75,adjustment,NOUN,1,2.564102564102564,NOUN,2,0.2063983488132094
22,ambiance,NOUN,1,12.5,NOUN,1,0.1031991744066047
22,color,NOUN,1,12.5,NOUN,5,0.5159958720330238
75,color,NOUN,2,5.128205128205128,NOUN,5,0.5159958720330238
76,color,NOUN,1,2.631578947368421,NOUN,5,0.5159958720330238
207,color,NOUN,1,10.0,NOUN,5,0.5159958720330238
22,environmental,ADJ,1,12.5,ADJ,1,0.1031991744066047
22,lightdarkness,ADJ,1,12.5,ADJ,1,0.1031991744066047
22,reader,NOUN,1,12.5,NOUN,1,0.1031991744066047
23,darklight,ADJ,1,33.33333333333333,ADJ,1,0.1031991744066047
23,mode,NOUN,1,33.33333333333333,NOUN,2,0.2063983488132094
83,mode,NOUN,1,2.1739130434782608,NOUN,2,0.2063983488132094
23,whiteboard,NOUN,1,33.33333333333333,NOUN,2,0.2063983488132094
27,whiteboard,NOUN,1,10.0,NOUN,2,0.2063983488132094
24,approachable,ADJ,1,20.0,ADJ,1,0.1031991744066047
24,overwhelming,ADJ,1,20.0,ADJ,1,0.1031991744066047
26,design,NOUN,1,11.11111111111111,NOUN,1,0.1031991744066047
26,lamp,NOUN,1,11.11111111111111,NOUN,1,0.1031991744066047
26,natural,ADJ,1,11.11111111111111,ADJ,3,0.3095975232198142
75,natural,ADJ,1,2.564102564102564,ADJ,3,0.3095975232198142
115,natural,ADJ,1,5.555555555555555,ADJ,3,0.3095975232198142
26,sound,NOUN,1,11.11111111111111,NOUN,8,0.8255933952528379
29,sound,NOUN,2,33.33333333333333,NOUN,8,0.8255933952528379
50,sound,NOUN,1,33.33333333333333,NOUN,8,0.8255933952528379
76,sound,ADJ,1,2.631578947368421,NOUN,8,0.8255933952528379
111,sound,NOUN,1,14.285714285714285,NOUN,8,0.8255933952528379
176,sound,ADJ,1,8.333333333333332,NOUN,8,0.8255933952528379
177,sound,NOUN,1,11.11111111111111,NOUN,8,0.8255933952528379
26,therapy,NOUN,1,11.11111111111111,NOUN,2,0.2063983488132094
158,therapy,NOUN,1,8.333333333333332,NOUN,2,0.2063983488132094
27,brainstorming,NOUN,1,10.0,NOUN,1,0.1031991744066047
27,collaborative,ADJ,1,10.0,ADJ,3,0.3095975232198142
107,collaborative,ADJ,1,8.333333333333332,ADJ,3,0.3095975232198142
168,collaborative,ADJ,1,25.0,ADJ,3,0.3095975232198142
27,facial,ADJ,1,10.0,ADJ,1,0.1031991744066047
27,gesture,NOUN,1,10.0,NOUN,1,0.1031991744066047
27,multitouch,ADJ,1,10.0,ADJ,1,0.1031991744066047
27,recognition,NOUN,1,10.0,NOUN,1,0.1031991744066047
27,session,NOUN,1,10.0,NOUN,1,0.1031991744066047
27,wallmounted,ADJ,1,10.0,ADJ,2,0.2063983488132094
30,wallmounted,ADJ,1,9.090909090909092,ADJ,2,0.2063983488132094
28,ability,NOUN,1,5.88235294117647,NOUN,1,0.1031991744066047
28,digital,ADJ,1,5.88235294117647,ADJ,3,0.3095975232198142
83,digital,ADJ,1,2.1739130434782608,ADJ,3,0.3095975232198142
84,digital,ADJ,1,2.5,ADJ,3,0.3095975232198142
28,metal,NOUN,1,5.88235294117647,NOUN,1,0.1031991744066047
28,other,ADJ,1,5.88235294117647,NOUN,6,0.6191950464396285
104,other,ADJ,1,16.666666666666664,NOUN,6,0.6191950464396285
174,other,ADJ,1,9.090909090909092,NOUN,6,0.6191950464396285
175,other,NOUN,2,18.181818181818183,NOUN,6,0.6191950464396285
176,other,ADJ,1,8.333333333333332,NOUN,6,0.6191950464396285
28,plastic,NOUN,1,5.88235294117647,NOUN,3,0.3095975232198142
76,plastic,NOUN,1,2.631578947368421,NOUN,3,0.3095975232198142
84,plastic,NOUN,1,2.5,NOUN,3,0.3095975232198142
28,surface,NOUN,4,23.52941176470588,NOUN,7,0.7223942208462332
76,surface,NOUN,1,2.631578947368421,NOUN,7,0.7223942208462332
84,surface,NOUN,2,5.0,NOUN,7,0.7223942208462332
28,type,NOUN,1,5.88235294117647,NOUN,3,0.3095975232198142
107,type,NOUN,1,8.333333333333332,NOUN,3,0.3095975232198142
152,type,NOUN,1,20.0,NOUN,3,0.3095975232198142
28,wood,NOUN,1,5.88235294117647,NOUN,1,0.1031991744066047
29,machine,NOUN,1,16.666666666666664,NOUN,4,0.4127966976264189
110,machine,NOUN,1,16.666666666666664,NOUN,4,0.4127966976264189
114,machine,NOUN,1,11.11111111111111,NOUN,4,0.4127966976264189
115,machine,NOUN,1,5.555555555555555,NOUN,4,0.4127966976264189
29,rain,NOUN,1,16.666666666666664,NOUN,1,0.1031991744066047
29,wave,NOUN,1,16.666666666666664,NOUN,2,0.2063983488132094
176,wave,NOUN,1,8.333333333333332,NOUN,2,0.2063983488132094
29,wind,NOUN,1,16.666666666666664,NOUN,1,0.1031991744066047
30,display,NOUN,1,9.090909090909092,NOUN,5,0.5159958720330238
76,display,NOUN,1,2.631578947368421,NOUN,5,0.5159958720330238
83,display,NOUN,1,2.1739130434782608,NOUN,5,0.5159958720330238
84,display,NOUN,1,2.5,NOUN,5,0.5159958720330238
223,display,NOUN,1,25.0,NOUN,5,0.5159958720330238
30,location,NOUN,1,9.090909090909092,NOUN,1,0.1031991744066047
30,tablet,NOUN,1,9.090909090909092,NOUN,1,0.1031991744066047
30,unit,NOUN,1,9.090909090909092,NOUN,1,0.1031991744066047
50,headphone,NOUN,1,33.33333333333333,NOUN,3,0.3095975232198142
66,headphone,NOUN,1,20.0,NOUN,3,0.3095975232198142
212,headphone,NOUN,1,14.285714285714285,NOUN,3,0.3095975232198142
50,level,NOUN,1,33.33333333333333,NOUN,8,0.8255933952528379
75,level,NOUN,1,2.564102564102564,NOUN,8,0.8255933952528379
76,level,NOUN,1,2.631578947368421,NOUN,8,0.8255933952528379
154,level,NOUN,1,6.666666666666667,NOUN,8,0.8255933952528379
178,level,NOUN,2,20.0,NOUN,8,0.8255933952528379
207,level,NOUN,1,10.0,NOUN,8,0.8255933952528379
212,level,NOUN,1,14.285714285714285,NOUN,8,0.8255933952528379
51,glass,NOUN,1,50.0,NOUN,4,0.4127966976264189
54,glass,NOUN,1,50.0,NOUN,4,0.4127966976264189
60,glass,NOUN,1,25.0,NOUN,4,0.4127966976264189
173,glass,NOUN,1,9.090909090909092,NOUN,4,0.4127966976264189
52,band,NOUN,1,33.33333333333333,NOUN,1,0.1031991744066047
52,schedule,NOUN,1,33.33333333333333,NOUN,5,0.5159958720330238
67,schedule,NOUN,1,25.0,NOUN,5,0.5159958720330238
84,schedule,NOUN,3,7.5,NOUN,5,0.5159958720330238
52,wrist,NOUN,1,33.33333333333333,NOUN,7,0.7223942208462332
83,wrist,NOUN,6,13.043478260869565,NOUN,7,0.7223942208462332
53,much,ADJ,1,33.33333333333333,ADJ,1,0.1031991744066047
53,pencil,NOUN,1,33.33333333333333,NOUN,1,0.1031991744066047
55,table,NOUN,1,25.0,NOUN,5,0.5159958720330238
167,table,NOUN,1,33.33333333333333,NOUN,5,0.5159958720330238
200,table,NOUN,2,28.57142857142857,NOUN,5,0.5159958720330238
214,table,NOUN,1,14.285714285714285,NOUN,5,0.5159958720330238
57,speaker,NOUN,1,33.33333333333333,NOUN,2,0.2063983488132094
176,speaker,NOUN,1,8.333333333333332,NOUN,2,0.2063983488132094
58,alarm,NOUN,1,20.0,NOUN,1,0.1031991744066047
58,bottle,NOUN,1,20.0,NOUN,2,0.2063983488132094
161,bottle,NOUN,1,14.285714285714285,NOUN,2,0.2063983488132094
58,hydrated,ADJ,1,20.0,ADJ,1,0.1031991744066047
59,hand,NOUN,1,33.33333333333333,NOUN,3,0.3095975232198142
65,hand,NOUN,1,20.0,NOUN,3,0.3095975232198142
83,hand,NOUN,1,2.1739130434782608,NOUN,3,0.3095975232198142
59,temperature,NOUN,1,33.33333333333333,NOUN,2,0.2063983488132094
152,temperature,NOUN,1,20.0,NOUN,2,0.2063983488132094
59,warm,NOUN,1,33.33333333333333,NOUN,3,0.3095975232198142
75,warm,ADJ,2,5.128205128205128,NOUN,3,0.3095975232198142
60,day,NOUN,1,25.0,NOUN,10,1.0319917440660475
83,day,NOUN,1,2.1739130434782608,NOUN,10,1.0319917440660475
84,day,NOUN,1,2.5,NOUN,10,1.0319917440660475
114,day,NOUN,1,11.11111111111111,NOUN,10,1.0319917440660475
115,day,NOUN,2,11.11111111111111,NOUN,10,1.0319917440660475
155,day,NOUN,1,12.5,NOUN,10,1.0319917440660475
160,day,NOUN,1,11.11111111111111,NOUN,10,1.0319917440660475
161,day,NOUN,1,14.285714285714285,NOUN,10,1.0319917440660475
163,day,NOUN,1,25.0,NOUN,10,1.0319917440660475
61,back,NOUN,1,33.33333333333333,NOUN,1,0.1031991744066047
61,cushion,NOUN,1,33.33333333333333,NOUN,2,0.2063983488132094
78,cushion,NOUN,1,33.33333333333333,NOUN,2,0.2063983488132094
61,vibrate,NOUN,1,33.33333333333333,NOUN,4,0.4127966976264189
162,vibrate,NOUN,1,20.0,NOUN,4,0.4127966976264189
197,vibrate,NOUN,1,25.0,NOUN,4,0.4127966976264189
202,vibrate,NOUN,1,16.666666666666664,NOUN,4,0.4127966976264189
62,clipboard,NOUN,1,10.0,NOUN,1,0.1031991744066047
62,ez,NOUN,1,10.0,NOUN,1,0.1031991744066047
62,info,NOUN,2,20.0,NOUN,2,0.2063983488132094
62,multiple,ADJ,1,10.0,ADJ,2,0.2063983488132094
157,multiple,ADJ,1,12.5,ADJ,2,0.2063983488132094
62,note,NOUN,1,10.0,NOUN,1,0.1031991744066047
62,piece,NOUN,1,10.0,NOUN,2,0.2063983488132094
150,piece,NOUN,1,14.285714285714285,NOUN,2,0.2063983488132094
62,sort,NOUN,1,10.0,NOUN,2,0.2063983488132094
64,sort,NOUN,1,14.285714285714285,NOUN,2,0.2063983488132094
62,sticky,ADJ,1,10.0,ADJ,1,0.1031991744066047
63,need,NOUN,1,50.0,NOUN,1,0.1031991744066047
64,ambience,NOUN,1,14.285714285714285,NOUN,5,0.5159958720330238
66,ambience,NOUN,1,20.0,NOUN,5,0.5159958720330238
75,ambience,NOUN,3,7.6923076923076925,NOUN,5,0.5159958720330238
64,atmosphere,NOUN,1,14.285714285714285,NOUN,3,0.3095975232198142
66,atmosphere,NOUN,1,20.0,NOUN,3,0.3095975232198142
75,atmosphere,NOUN,1,2.564102564102564,NOUN,3,0.3095975232198142
64,kind,NOUN,1,14.285714285714285,NOUN,1,0.1031991744066047
64,replicate,ADJ,1,14.285714285714285,ADJ,1,0.1031991744066047
64,sunlightcoffeeshopcheerful,ADJ,1,14.285714285714285,ADJ,1,0.1031991744066047
65,mousekeyboard,NOUN,1,20.0,NOUN,1,0.1031991744066047
65,smth,NOUN,1,20.0,NOUN,1,0.1031991744066047
65,strain,NOUN,1,20.0,NOUN,3,0.3095975232198142
83,strain,NOUN,2,4.3478260869565215,NOUN,3,0.3095975232198142
65,wristsfinger,NOUN,1,20.0,NOUN,1,0.1031991744066047
66,librarycoffeeshop,NOUN,1,20.0,NOUN,1,0.1031991744066047
66,pleasing,ADJ,1,20.0,ADJ,1,0.1031991744066047
67,visual,ADJ,1,25.0,ADJ,1,0.1031991744066047
67,wayalway,NOUN,1,25.0,NOUN,1,0.1031991744066047
75,background,NOUN,1,2.564102564102564,NOUN,3,0.3095975232198142
76,background,NOUN,1,2.631578947368421,NOUN,3,0.3095975232198142
102,background,NOUN,1,16.666666666666664,NOUN,3,0.3095975232198142
75,cafe,NOUN,1,2.564102564102564,NOUN,1,0.1031991744066047
75,calming,ADJ,1,2.564102564102564,ADJ,1,0.1031991744066047
75,changing,NOUN,1,2.564102564102564,NOUN,1,0.1031991744066047
75,coffeeshop,NOUN,1,2.564102564102564,NOUN,1,0.1031991744066047
75,cool,ADJ,1,2.564102564102564,ADJ,1,0.1031991744066047
75,cozy,ADJ,1,2.564102564102564,ADJ,1,0.1031991744066047
75,cycle,NOUN,1,2.564102564102564,NOUN,1,0.1031991744066047
75,daylight,NOUN,1,2.564102564102564,NOUN,1,0.1031991744066047
75,environment,NOUN,1,2.564102564102564,NOUN,4,0.4127966976264189
107,environment,NOUN,1,8.333333333333332,NOUN,4,0.4127966976264189
149,environment,NOUN,1,10.0,NOUN,4,0.4127966976264189
227,environment,NOUN,1,10.0,NOUN,4,0.4127966976264189
75,feeling,NOUN,1,2.564102564102564,NOUN,2,0.2063983488132094
160,feeling,NOUN,1,11.11111111111111,NOUN,2,0.2063983488132094
75,intensity,NOUN,1,2.564102564102564,NOUN,3,0.3095975232198142
76,intensity,NOUN,1,2.631578947368421,NOUN,3,0.3095975232198142
83,intensity,NOUN,1,2.1739130434782608,NOUN,3,0.3095975232198142
75,jazz,NOUN,1,2.564102564102564,NOUN,1,0.1031991744066047
75,low,ADJ,1,2.564102564102564,ADJ,1,0.1031991744066047
75,music,NOUN,1,2.564102564102564,NOUN,1,0.1031991744066047
75,noise,NOUN,1,2.564102564102564,NOUN,5,0.5159958720330238
76,noise,NOUN,1,2.631578947368421,NOUN,5,0.5159958720330238
102,noise,NOUN,1,16.666666666666664,NOUN,5,0.5159958720330238
111,noise,NOUN,1,14.285714285714285,NOUN,5,0.5159958720330238
212,noise,NOUN,1,14.285714285714285,NOUN,5,0.5159958720330238
75,perfect,ADJ,1,2.564102564102564,ADJ,1,0.1031991744066047
75,relaxing,ADJ,1,2.564102564102564,ADJ,1,0.1031991744066047
75,simple,ADJ,1,2.564102564102564,ADJ,1,0.1031991744066047
75,subtle,ADJ,1,2.564102564102564,ADJ,1,0.1031991744066047
75,yelloworange,NOUN,1,2.564102564102564,NOUN,1,0.1031991744066047
76,base,NOUN,1,2.631578947368421,NOUN,1,0.1031991744066047
76,bright,ADJ,1,2.631578947368421,ADJ,1,0.1031991744066047
76,button,NOUN,1,2.631578947368421,NOUN,2,0.2063983488132094
83,button,NOUN,1,2.1739130434782608,NOUN,2,0.2063983488132094
76,cm,NOUN,2,5.263157894736842,NOUN,4,0.4127966976264189
84,cm,NOUN,2,5.0,NOUN,4,0.4127966976264189
76,current,ADJ,1,2.631578947368421,ADJ,2,0.2063983488132094
84,current,ADJ,1,2.5,ADJ,2,0.2063983488132094
76,cylindrical,ADJ,1,2.631578947368421,ADJ,1,0.1031991744066047
76,diameter,NOUN,1,2.631578947368421,NOUN,1,0.1031991744066047
76,flat,ADJ,1,2.631578947368421,NOUN,2,0.2063983488132094
112,flat,NOUN,1,11.11111111111111,NOUN,2,0.2063983488132094
76,front,ADJ,1,2.631578947368421,ADJ,1,0.1031991744066047
76,height,NOUN,1,2.631578947368421,NOUN,1,0.1031991744066047
76,knob,NOUN,1,2.631578947368421,NOUN,1,0.1031991744066047
76,led,NOUN,1,2.631578947368421,NOUN,1,0.1031991744066047
76,material,NOUN,1,2.631578947368421,NOUN,4,0.4127966976264189
84,material,NOUN,1,2.5,NOUN,4,0.4127966976264189
107,material,NOUN,1,8.333333333333332,NOUN,4,0.4127966976264189
109,material,NOUN,1,7.142857142857142,NOUN,4,0.4127966976264189
76,panel,NOUN,1,2.631578947368421,NOUN,1,0.1031991744066047
76,round,ADJ,1,2.631578947368421,ADJ,1,0.1031991744066047
76,setting,NOUN,2,5.263157894736842,NOUN,3,0.3095975232198142
207,setting,NOUN,1,10.0,NOUN,3,0.3095975232198142
76,several,ADJ,1,2.631578947368421,ADJ,2,0.2063983488132094
83,several,ADJ,1,2.1739130434782608,ADJ,2,0.2063983488132094
76,small,ADJ,1,2.631578947368421,ADJ,1,0.1031991744066047
76,white,ADJ,1,2.631578947368421,ADJ,1,0.1031991744066047
77,name,NOUN,1,100.0,NOUN,5,0.5159958720330238
79,name,NOUN,1,100.0,NOUN,5,0.5159958720330238
80,name,NOUN,1,100.0,NOUN,5,0.5159958720330238
81,name,NOUN,1,100.0,NOUN,5,0.5159958720330238
82,name,NOUN,1,100.0,NOUN,5,0.5159958720330238
78,posture,NOUN,1,33.33333333333333,NOUN,6,0.6191950464396285
85,posture,NOUN,5,17.857142857142858,NOUN,6,0.6191950464396285
78,proper,ADJ,1,33.33333333333333,ADJ,1,0.1031991744066047
83,box,NOUN,1,2.1739130434782608,NOUN,1,0.1031991744066047
83,computer,NOUN,1,2.1739130434782608,NOUN,4,0.4127966976264189
84,computer,NOUN,1,2.5,NOUN,4,0.4127966976264189
99,computer,NOUN,1,25.0,NOUN,4,0.4127966976264189
114,computer,NOUN,1,11.11111111111111,NOUN,4,0.4127966976264189
83,control,NOUN,2,4.3478260869565215,NOUN,3,0.3095975232198142
115,control,NOUN,1,5.555555555555555,NOUN,3,0.3095975232198142
83,deep,ADJ,1,2.1739130434782608,ADJ,1,0.1031991744066047
83,dial,NOUN,1,2.1739130434782608,NOUN,1,0.1031991744066047
83,duration,NOUN,1,2.1739130434782608,NOUN,1,0.1031991744066047
83,ergonomic,ADJ,1,2.1739130434782608,ADJ,1,0.1031991744066047
83,forearm,ADJ,1,2.1739130434782608,ADJ,1,0.1031991744066047
83,gentle,ADJ,1,2.1739130434782608,ADJ,1,0.1031991744066047
83,help,NOUN,1,2.1739130434782608,NOUN,1,0.1031991744066047
83,massage,NOUN,4,8.695652173913043,NOUN,7,0.7223942208462332
114,massage,NOUN,2,22.22222222222222,NOUN,7,0.7223942208462332
162,massage,NOUN,1,20.0,NOUN,7,0.7223942208462332
83,muscle,NOUN,1,2.1739130434782608,NOUN,1,0.1031991744066047
83,rest,NOUN,2,4.3478260869565215,NOUN,2,0.2063983488132094
83,shape,NOUN,1,2.1739130434782608,NOUN,1,0.1031991744066047
83,slider,NOUN,1,2.1739130434782608,NOUN,1,0.1031991744066047
83,soft,ADJ,1,2.1739130434782608,ADJ,2,0.2063983488132094
85,soft,ADJ,1,3.571428571428571,ADJ,2,0.2063983488132094
83,tissue,NOUN,1,2.1739130434782608,NOUN,1,0.1031991744066047
83,variety,NOUN,1,2.1739130434782608,NOUN,1,0.1031991744066047
84,daytoday,NOUN,1,2.5,NOUN,1,0.1031991744066047
84,durable,ADJ,1,2.5,ADJ,1,0.1031991744066047
84,finish,NOUN,1,2.5,NOUN,1,0.1031991744066047
84,glossy,ADJ,1,2.5,ADJ,1,0.1031991744066047
84,length,NOUN,1,2.5,NOUN,1,0.1031991744066047
84,one,NOUN,1,2.5,NOUN,2,0.2063983488132094
163,one,NOUN,1,25.0,NOUN,2,0.2063983488132094
84,rectangular,ADJ,1,2.5,ADJ,1,0.1031991744066047
84,smartphone,NOUN,1,2.5,NOUN,3,0.3095975232198142
85,smartphone,NOUN,1,3.571428571428571,NOUN,3,0.3095975232198142
227,smartphone,NOUN,1,10.0,NOUN,3,0.3095975232198142
84,smooth,ADJ,1,2.5,ADJ,1,0.1031991744066047
84,top,NOUN,1,2.5,NOUN,1,0.1031991744066047
84,width,NOUN,1,2.5,NOUN,1,0.1031991744066047
85,bad,ADJ,1,3.571428571428571,ADJ,1,0.1031991744066047
85,breathable,ADJ,1,3.571428571428571,ADJ,1,0.1031991744066047
85,comfort,NOUN,1,3.571428571428571,NOUN,1,0.1031991744066047
85,fabric,NOUN,1,3.571428571428571,NOUN,1,0.1031991744066047
85,foam,NOUN,1,3.571428571428571,NOUN,1,0.1031991744066047
85,sensor,NOUN,1,3.571428571428571,NOUN,5,0.5159958720330238
157,sensor,NOUN,1,12.5,NOUN,5,0.5159958720330238
175,sensor,NOUN,1,9.090909090909092,NOUN,5,0.5159958720330238
200,sensor,NOUN,1,14.285714285714285,NOUN,5,0.5159958720330238
208,sensor,NOUN,1,50.0,NOUN,5,0.5159958720330238
85,supportive,ADJ,1,3.571428571428571,ADJ,1,0.1031991744066047
85,well,ADJ,1,3.571428571428571,ADJ,1,0.1031991744066047
100,bumpy,ADJ,1,20.0,ADJ,1,0.1031991744066047
100,desk,NOUN,1,20.0,NOUN,5,0.5159958720330238
124,desk,NOUN,1,50.0,NOUN,5,0.5159958720330238
125,desk,NOUN,1,16.666666666666664,NOUN,5,0.5159958720330238
151,desk,NOUN,1,11.11111111111111,NOUN,5,0.5159958720330238
210,desk,NOUN,1,20.0,NOUN,5,0.5159958720330238
100,ride,NOUN,1,20.0,NOUN,1,0.1031991744066047
100,stable,ADJ,1,20.0,ADJ,1,0.1031991744066047
101,unreliablenonexistent,ADJ,1,20.0,ADJ,1,0.1031991744066047
101,wifi,NOUN,2,40.0,NOUN,4,0.4127966976264189
209,wifi,NOUN,1,25.0,NOUN,4,0.4127966976264189
211,wifi,NOUN,1,20.0,NOUN,4,0.4127966976264189
102,video,NOUN,1,16.666666666666664,NOUN,1,0.1031991744066047
103,app,NOUN,1,25.0,NOUN,7,0.7223942208462332
110,app,NOUN,1,16.666666666666664,NOUN,7,0.7223942208462332
154,app,NOUN,2,13.333333333333334,NOUN,7,0.7223942208462332
156,app,NOUN,1,11.11111111111111,NOUN,7,0.7223942208462332
158,app,NOUN,1,8.333333333333332,NOUN,7,0.7223942208462332
226,app,NOUN,1,12.5,NOUN,7,0.7223942208462332
103,area,NOUN,1,25.0,NOUN,2,0.2063983488132094
104,area,NOUN,1,16.666666666666664,NOUN,2,0.2063983488132094
103,question,NOUN,1,25.0,NOUN,2,0.2063983488132094
106,question,NOUN,1,33.33333333333333,NOUN,2,0.2063983488132094
103,trivia,ADJ,1,25.0,ADJ,2,0.2063983488132094
109,trivia,ADJ,1,7.142857142857142,ADJ,2,0.2063983488132094
104,competition,NOUN,1,16.666666666666664,NOUN,1,0.1031991744066047
104,game,NOUN,2,33.33333333333333,NOUN,2,0.2063983488132094
105,room,NOUN,1,20.0,NOUN,2,0.2063983488132094
115,room,NOUN,1,5.555555555555555,NOUN,2,0.2063983488132094
105,transportation,NOUN,1,20.0,NOUN,1,0.1031991744066047
105,vehicle,NOUN,1,20.0,NOUN,1,0.1031991744066047
106,flashcard,NOUN,1,33.33333333333333,NOUN,1,0.1031991744066047
107,buddy,NOUN,1,8.333333333333332,NOUN,1,0.1031991744066047
107,commuting,NOUN,1,8.333333333333332,NOUN,1,0.1031991744066047
107,route,NOUN,1,8.333333333333332,NOUN,2,0.2063983488132094
203,route,NOUN,1,11.11111111111111,NOUN,2,0.2063983488132094
107,same,ADJ,2,16.666666666666664,ADJ,3,0.3095975232198142
109,same,ADJ,1,7.142857142857142,ADJ,3,0.3095975232198142
107,travel,NOUN,1,8.333333333333332,NOUN,2,0.2063983488132094
222,travel,NOUN,1,50.0,NOUN,2,0.2063983488132094
107,working,NOUN,1,8.333333333333332,NOUN,1,0.1031991744066047
108,activist,NOUN,1,11.11111111111111,NOUN,1,0.1031991744066047
108,fact,NOUN,1,11.11111111111111,NOUN,1,0.1031991744066047
108,field,NOUN,1,11.11111111111111,NOUN,1,0.1031991744066047
108,specific,ADJ,1,11.11111111111111,ADJ,2,0.2063983488132094
109,specific,ADJ,1,7.142857142857142,ADJ,2,0.2063983488132094
108,stoplike,NOUN,1,11.11111111111111,NOUN,1,0.1031991744066047
108,thing,NOUN,1,11.11111111111111,NOUN,2,0.2063983488132094
109,thing,NOUN,1,7.142857142857142,NOUN,2,0.2063983488132094
109,class,NOUN,1,7.142857142857142,NOUN,1,0.1031991744066047
109,collaboration,NOUN,1,7.142857142857142,NOUN,1,0.1031991744066047
109,crack,NOUN,1,7.142857142857142,NOUN,1,0.1031991744066047
109,gym,NOUN,1,7.142857142857142,NOUN,1,0.1031991744066047
109,random,ADJ,1,7.142857142857142,ADJ,2,0.2063983488132094
160,random,ADJ,1,11.11111111111111,ADJ,2,0.2063983488132094
109,similar,ADJ,1,7.142857142857142,ADJ,1,0.1031991744066047
109,specialized,ADJ,1,7.142857142857142,ADJ,1,0.1031991744066047
109,topic,NOUN,1,7.142857142857142,NOUN,1,0.1031991744066047
110,feature,NOUN,1,16.666666666666664,NOUN,1,0.1031991744066047
110,notification,NOUN,1,16.666666666666664,NOUN,4,0.4127966976264189
148,notification,NOUN,1,11.11111111111111,NOUN,4,0.4127966976264189
159,notification,NOUN,1,12.5,NOUN,4,0.4127966976264189
226,notification,NOUN,1,12.5,NOUN,4,0.4127966976264189
110,phone,NOUN,1,16.666666666666664,NOUN,4,0.4127966976264189
148,phone,NOUN,1,11.11111111111111,NOUN,4,0.4127966976264189
206,phone,NOUN,2,28.57142857142857,NOUN,4,0.4127966976264189
111,silencer,NOUN,1,14.285714285714285,NOUN,1,0.1031991744066047
112,content,NOUN,2,22.22222222222222,NOUN,2,0.2063983488132094
112,eye,NOUN,1,11.11111111111111,NOUN,1,0.1031991744066047
112,person,NOUN,1,11.11111111111111,NOUN,5,0.5159958720330238
115,person,NOUN,1,5.555555555555555,NOUN,5,0.5159958720330238
175,person,NOUN,1,9.090909090909092,NOUN,5,0.5159958720330238
176,person,NOUN,2,16.666666666666664,NOUN,5,0.5159958720330238
112,sensitiveconfidential,ADJ,1,11.11111111111111,ADJ,1,0.1031991744066047
112,side,NOUN,1,11.11111111111111,NOUN,1,0.1031991744066047
112,upper,ADJ,1,11.11111111111111,ADJ,1,0.1031991744066047
113,technology,NOUN,1,20.0,NOUN,3,0.3095975232198142
174,technology,NOUN,1,9.090909090909092,NOUN,3,0.3095975232198142
175,technology,NOUN,1,9.090909090909092,NOUN,3,0.3095975232198142
114,everytime,NOUN,1,11.11111111111111,NOUN,1,0.1031991744066047
114,experience,NOUN,1,11.11111111111111,NOUN,1,0.1031991744066047
114,neckshoulder,NOUN,1,11.11111111111111,NOUN,1,0.1031991744066047
115,breakseat,NOUN,1,5.555555555555555,NOUN,1,0.1031991744066047
115,hour,NOUN,2,11.11111111111111,NOUN,3,0.3095975232198142
213,hour,NOUN,1,14.285714285714285,NOUN,3,0.3095975232198142
115,lighting,NOUN,1,5.555555555555555,NOUN,1,0.1031991744066047
115,setup,NOUN,1,5.555555555555555,NOUN,1,0.1031991744066047
115,sunlight,NOUN,1,5.555555555555555,NOUN,1,0.1031991744066047
124,use,NOUN,1,50.0,NOUN,2,0.2063983488132094
205,use,NOUN,1,25.0,NOUN,2,0.2063983488132094
125,access,NOUN,1,16.666666666666664,NOUN,1,0.1031991744066047
125,point,NOUN,1,16.666666666666664,NOUN,2,0.2063983488132094
161,point,NOUN,1,14.285714285714285,NOUN,2,0.2063983488132094
125,router,NOUN,1,16.666666666666664,NOUN,1,0.1031991744066047
125,wireless,ADJ,1,16.666666666666664,ADJ,3,0.3095975232198142
174,wireless,ADJ,1,9.090909090909092,ADJ,3,0.3095975232198142
205,wireless,ADJ,1,25.0,ADJ,3,0.3095975232198142
148,habit,NOUN,1,11.11111111111111,NOUN,2,0.2063983488132094
156,habit,NOUN,1,11.11111111111111,NOUN,2,0.2063983488132094
148,interval,NOUN,1,11.11111111111111,NOUN,1,0.1031991744066047
148,min,NOUN,1,11.11111111111111,NOUN,2,0.2063983488132094
203,min,NOUN,1,11.11111111111111,NOUN,2,0.2063983488132094
148,regular,ADJ,1,11.11111111111111,ADJ,1,0.1031991744066047
149,aware,ADJ,1,10.0,ADJ,1,0.1031991744066047
149,danger,NOUN,1,10.0,NOUN,1,0.1031991744066047
149,glassesheadset,NOUN,1,10.0,NOUN,1,0.1031991744066047
149,mobile,ADJ,1,10.0,ADJ,3,0.3095975232198142
151,mobile,ADJ,1,11.11111111111111,ADJ,3,0.3095975232198142
226,mobile,ADJ,1,12.5,ADJ,3,0.3095975232198142
149,peripheral,NOUN,1,10.0,NOUN,1,0.1031991744066047
149,signal,NOUN,1,10.0,NOUN,2,0.2063983488132094
211,signal,NOUN,1,20.0,NOUN,2,0.2063983488132094
149,surrounding,NOUN,1,10.0,NOUN,1,0.1031991744066047
150,microtask,NOUN,1,14.285714285714285,NOUN,1,0.1031991744066047
150,planner,NOUN,1,14.285714285714285,NOUN,1,0.1031991744066047
151,collapsible,ADJ,1,11.11111111111111,ADJ,1,0.1031991744066047
151,commuter,NOUN,1,11.11111111111111,NOUN,1,0.1031991744066047
151,lap,NOUN,1,11.11111111111111,NOUN,2,0.2063983488132094
214,lap,NOUN,1,14.285714285714285,NOUN,2,0.2063983488132094
151,organization,NOUN,1,11.11111111111111,NOUN,1,0.1031991744066047
151,planning,NOUN,1,11.11111111111111,NOUN,1,0.1031991744066047
151,techfunctionality,NOUN,1,11.11111111111111,NOUN,1,0.1031991744066047
151,trainsubway,NOUN,1,11.11111111111111,NOUN,1,0.1031991744066047
152,change,NOUN,1,20.0,NOUN,1,0.1031991744066047
152,indooroutdoor,NOUN,1,20.0,NOUN,1,0.1031991744066047
152,jacketsweater,NOUN,1,20.0,NOUN,1,0.1031991744066047
153,anxiety,NOUN,1,20.0,NOUN,1,0.1031991744066047
153,heart,NOUN,1,20.0,NOUN,4,0.4127966976264189
154,heart,NOUN,2,13.333333333333334,NOUN,4,0.4127966976264189
174,heart,NOUN,1,9.090909090909092,NOUN,4,0.4127966976264189
153,monitor,NOUN,1,20.0,NOUN,2,0.2063983488132094
223,monitor,NOUN,1,25.0,NOUN,2,0.2063983488132094
153,rate,NOUN,1,20.0,NOUN,4,0.4127966976264189
154,rate,NOUN,2,13.333333333333334,NOUN,4,0.4127966976264189
174,rate,NOUN,1,9.090909090909092,NOUN,4,0.4127966976264189
153,relief,NOUN,1,20.0,NOUN,1,0.1031991744066047
154,check,NOUN,1,6.666666666666667,NOUN,1,0.1031991744066047
154,exercise,NOUN,1,6.666666666666667,NOUN,1,0.1031991744066047
154,high,ADJ,1,6.666666666666667,ADJ,1,0.1031991744066047
154,routine,ADJ,1,6.666666666666667,ADJ,1,0.1031991744066047
154,set,ADJ,1,6.666666666666667,ADJ,1,0.1031991744066047
154,vital,NOUN,1,6.666666666666667,NOUN,1,0.1031991744066047
155,locket,NOUN,1,12.5,NOUN,1,0.1031991744066047
155,photo,NOUN,2,25.0,NOUN,2,0.2063983488132094
156,convenient,ADJ,1,11.11111111111111,ADJ,1,0.1031991744066047
156,easy,ADJ,1,11.11111111111111,ADJ,1,0.1031991744066047
156,mood,NOUN,1,11.11111111111111,NOUN,2,0.2063983488132094
158,mood,NOUN,1,8.333333333333332,NOUN,2,0.2063983488132094
156,tracking,NOUN,1,11.11111111111111,NOUN,1,0.1031991744066047
157,form,NOUN,1,12.5,NOUN,1,0.1031991744066047
157,input,NOUN,1,12.5,NOUN,1,0.1031991744066047
157,response,NOUN,1,12.5,NOUN,1,0.1031991744066047
157,toy,NOUN,1,12.5,NOUN,1,0.1031991744066047
157,visible,ADJ,1,12.5,ADJ,2,0.2063983488132094
159,visible,ADJ,1,12.5,ADJ,2,0.2063983488132094
157,weight,NOUN,1,12.5,NOUN,1,0.1031991744066047
158,art,NOUN,1,8.333333333333332,NOUN,1,0.1031991744066047
158,board,NOUN,1,8.333333333333332,NOUN,1,0.1031991744066047
158,contact,NOUN,1,8.333333333333332,NOUN,1,0.1031991744066047
158,entry,NOUN,1,8.333333333333332,NOUN,1,0.1031991744066047
158,journal,NOUN,1,8.333333333333332,NOUN,1,0.1031991744066047
158,parent,NOUN,1,8.333333333333332,NOUN,1,0.1031991744066047
158,therapist,NOUN,1,8.333333333333332,NOUN,1,0.1031991744066047
159,alert,NOUN,1,12.5,NOUN,2,0.2063983488132094
203,alert,NOUN,1,11.11111111111111,NOUN,2,0.2063983488132094
159,nonverbal,ADJ,2,25.0,ADJ,2,0.2063983488132094
160,bracelet,NOUN,1,11.11111111111111,NOUN,7,0.7223942208462332
163,bracelet,NOUN,1,25.0,NOUN,7,0.7223942208462332
175,bracelet,NOUN,2,18.181818181818183,NOUN,7,0.7223942208462332
178,bracelet,NOUN,1,10.0,NOUN,7,0.7223942208462332
198,bracelet,NOUN,1,50.0,NOUN,7,0.7223942208462332
209,bracelet,NOUN,1,25.0,NOUN,7,0.7223942208462332
160,togetherness,NOUN,1,11.11111111111111,NOUN,1,0.1031991744066047
160,videoaudio,ADJ,1,11.11111111111111,ADJ,1,0.1031991744066047
161,certain,ADJ,1,14.285714285714285,ADJ,2,0.2063983488132094
178,certain,ADJ,1,10.0,ADJ,2,0.2063983488132094
162,jacketvest,NOUN,1,20.0,NOUN,1,0.1031991744066047
162,sensation,NOUN,1,20.0,NOUN,1,0.1031991744066047
163,emotion,NOUN,1,25.0,NOUN,1,0.1031991744066047
164,heartbeat,NOUN,1,33.33333333333333,NOUN,3,0.3095975232198142
175,heartbeat,NOUN,1,9.090909090909092,NOUN,3,0.3095975232198142
176,heartbeat,NOUN,1,8.333333333333332,NOUN,3,0.3095975232198142
164,scent,NOUN,1,33.33333333333333,NOUN,3,0.3095975232198142
166,scent,NOUN,1,33.33333333333333,NOUN,3,0.3095975232198142
178,scent,NOUN,1,10.0,NOUN,3,0.3095975232198142
165,capacity,NOUN,1,14.285714285714285,NOUN,1,0.1031991744066047
165,occupant,NOUN,1,14.285714285714285,NOUN,1,0.1031991744066047
165,real,ADJ,1,14.285714285714285,ADJ,1,0.1031991744066047
166,nausea,NOUN,1,33.33333333333333,NOUN,5,0.5159958720330238
170,nausea,NOUN,1,33.33333333333333,NOUN,5,0.5159958720330238
171,nausea,NOUN,1,25.0,NOUN,5,0.5159958720330238
173,nausea,NOUN,1,9.090909090909092,NOUN,5,0.5159958720330238
177,nausea,NOUN,1,11.11111111111111,NOUN,5,0.5159958720330238
166,spray,NOUN,1,33.33333333333333,NOUN,1,0.1031991744066047
167,chair,NOUN,1,33.33333333333333,NOUN,1,0.1031991744066047
167,stabilization,NOUN,1,33.33333333333333,NOUN,1,0.1031991744066047
168,assistant,NOUN,1,25.0,NOUN,1,0.1031991744066047
168,communication,NOUN,1,25.0,NOUN,1,0.1031991744066047
168,voice,NOUN,1,25.0,NOUN,1,0.1031991744066047
169,bathroom,NOUN,1,100.0,NOUN,1,0.1031991744066047
170,arvr,NOUN,1,33.33333333333333,NOUN,1,0.1031991744066047
170,workspace,NOUN,1,33.33333333333333,NOUN,1,0.1031991744066047
171,haptic,NOUN,1,25.0,NOUN,2,0.2063983488132094
175,haptic,ADJ,1,9.090909090909092,NOUN,2,0.2063983488132094
171,reduction,NOUN,1,25.0,NOUN,1,0.1031991744066047
173,advice,NOUN,1,9.090909090909092,NOUN,1,0.1031991744066047
173,augmented,ADJ,1,9.090909090909092,ADJ,1,0.1031991744066047
173,motion,NOUN,1,9.090909090909092,NOUN,3,0.3095975232198142
177,motion,NOUN,1,11.11111111111111,NOUN,3,0.3095975232198142
204,motion,NOUN,1,33.33333333333333,NOUN,3,0.3095975232198142
173,pair,NOUN,1,9.090909090909092,NOUN,1,0.1031991744066047
173,reality,NOUN,1,9.090909090909092,NOUN,1,0.1031991744066047
173,realtime,ADJ,1,9.090909090909092,ADJ,1,0.1031991744066047
173,sickness,NOUN,1,9.090909090909092,NOUN,3,0.3095975232198142
177,sickness,NOUN,1,11.11111111111111,NOUN,3,0.3095975232198142
204,sickness,NOUN,1,33.33333333333333,NOUN,3,0.3095975232198142
173,sign,NOUN,1,9.090909090909092,NOUN,1,0.1031991744066047
173,symptom,NOUN,1,9.090909090909092,NOUN,1,0.1031991744066047
174,necklace,NOUN,1,9.090909090909092,NOUN,3,0.3095975232198142
177,necklace,NOUN,1,11.11111111111111,NOUN,3,0.3095975232198142
197,necklace,NOUN,1,25.0,NOUN,3,0.3095975232198142
174,pendant,NOUN,2,18.181818181818183,NOUN,2,0.2063983488132094
174,sync,NOUN,1,9.090909090909092,NOUN,2,0.2063983488132094
176,sync,NOUN,1,8.333333333333332,NOUN,2,0.2063983488132094
175,vibration,NOUN,1,9.090909090909092,NOUN,1,0.1031991744066047
177,body,NOUN,1,11.11111111111111,NOUN,1,0.1031991744066047
177,combination,NOUN,1,11.11111111111111,NOUN,1,0.1031991744066047
177,vapor,NOUN,1,11.11111111111111,NOUN,1,0.1031991744066047
178,conductance,NOUN,1,10.0,NOUN,1,0.1031991744066047
178,skin,NOUN,1,10.0,NOUN,1,0.1031991744066047
178,threshold,NOUN,1,10.0,NOUN,1,0.1031991744066047
197,direction,NOUN,1,25.0,NOUN,1,0.1031991744066047
197,map,NOUN,1,25.0,NOUN,1,0.1031991744066047
199,child,NOUN,1,16.666666666666664,NOUN,1,0.1031991744066047
199,own,ADJ,1,16.666666666666664,ADJ,1,0.1031991744066047
199,pet,NOUN,1,16.666666666666664,NOUN,1,0.1031991744066047
199,pomodoro,ADJ,1,16.666666666666664,ADJ,1,0.1031991744066047
199,system,NOUN,1,16.666666666666664,NOUN,1,0.1031991744066047
199,tamogatchilike,ADJ,1,16.666666666666664,ADJ,1,0.1031991744066047
200,buttonsmotion,NOUN,1,14.285714285714285,NOUN,1,0.1031991744066047
200,dining,NOUN,1,14.285714285714285,NOUN,1,0.1031991744066047
200,hall,NOUN,1,14.285714285714285,NOUN,1,0.1031991744066047
200,many,ADJ,1,14.285714285714285,ADJ,2,0.2063983488132094
213,many,ADJ,1,14.285714285714285,ADJ,2,0.2063983488132094
201,bag,NOUN,1,12.5,NOUN,3,0.3095975232198142
211,bag,NOUN,1,20.0,NOUN,3,0.3095975232198142
213,bag,NOUN,1,14.285714285714285,NOUN,3,0.3095975232198142
201,block,NOUN,1,12.5,NOUN,1,0.1031991744066047
201,leisure,NOUN,1,12.5,NOUN,1,0.1031991744066047
201,website,NOUN,2,25.0,NOUN,2,0.2063983488132094
202,face,NOUN,1,16.666666666666664,NOUN,1,0.1031991744066047
202,guard,NOUN,1,16.666666666666664,NOUN,1,0.1031991744066047
202,jaw,NOUN,1,16.666666666666664,NOUN,1,0.1031991744066047
202,mask,NOUN,1,16.666666666666664,NOUN,2,0.2063983488132094
225,mask,NOUN,1,100.0,NOUN,2,0.2063983488132094
203,belonging,NOUN,1,11.11111111111111,NOUN,1,0.1031991744066047
203,bustrain,ADJ,1,11.11111111111111,ADJ,1,0.1031991744066047
203,datum,NOUN,1,11.11111111111111,NOUN,1,0.1031991744066047
203,stop,NOUN,1,11.11111111111111,NOUN,1,0.1031991744066047
203,wearer,NOUN,1,11.11111111111111,NOUN,1,0.1031991744066047
204,earpieceearbud,NOUN,1,33.33333333333333,NOUN,1,0.1031991744066047
205,charger,NOUN,1,25.0,NOUN,1,0.1031991744066047
205,phonelaptop,NOUN,1,25.0,NOUN,1,0.1031991744066047
206,bagjacket,NOUN,1,14.285714285714285,NOUN,1,0.1031991744066047
206,dnd,NOUN,1,14.285714285714285,NOUN,1,0.1031991744066047
206,pocket,NOUN,1,14.285714285714285,NOUN,1,0.1031991744066047
206,uniterrupted,ADJ,1,14.285714285714285,ADJ,1,0.1031991744066047
207,brightness,NOUN,1,10.0,NOUN,1,0.1031991744066047
207,disruption,NOUN,1,10.0,NOUN,2,0.2063983488132094
214,disruption,NOUN,1,14.285714285714285,NOUN,2,0.2063983488132094
207,eyestrain,NOUN,1,10.0,NOUN,1,0.1031991744066047
208,loss,NOUN,1,50.0,NOUN,1,0.1031991744066047
209,strength,NOUN,1,25.0,NOUN,1,0.1031991744066047
210,physical,ADJ,1,20.0,ADJ,1,0.1031991744066047
212,alone,ADJ,1,14.285714285714285,ADJ,1,0.1031991744066047
212,focus,NOUN,1,14.285714285714285,NOUN,1,0.1031991744066047
212,red,NOUN,1,14.285714285714285,NOUN,1,0.1031991744066047
213,balance,NOUN,1,14.285714285714285,NOUN,1,0.1031991744066047
213,life,NOUN,1,14.285714285714285,NOUN,1,0.1031991744066047
213,open,ADJ,1,14.285714285714285,ADJ,1,0.1031991744066047
214,pad,NOUN,1,14.285714285714285,NOUN,1,0.1031991744066047
214,shakey,ADJ,1,14.285714285714285,ADJ,1,0.1031991744066047
214,stabilizer,NOUN,1,14.285714285714285,NOUN,1,0.1031991744066047
214,tray,NOUN,1,14.285714285714285,NOUN,1,0.1031991744066047
224,stay,NOUN,1,33.33333333333333,NOUN,1,0.1031991744066047
224,sure,ADJ,1,33.33333333333333,ADJ,1,0.1031991744066047
226,software,NOUN,1,12.5,NOUN,1,0.1031991744066047
226,solution,NOUN,1,12.5,NOUN,1,0.1031991744066047
226,unnecessary,ADJ,1,12.5,ADJ,1,0.1031991744066047
227,ambient,ADJ,1,10.0,ADJ,1,0.1031991744066047
227,commute,NOUN,1,10.0,NOUN,1,0.1031991744066047
227,focused,ADJ,1,10.0,ADJ,1,0.1031991744066047
227,relaxed,ADJ,1,10.0,ADJ,1,0.1031991744066047
