word,POS,wordCount-Chat,percent_of_total-Chat,POS-Chat,wordCount_y,percent_of_total_y,POS-Human,wordCount-Human,percent_of_total-Human
user,NOUN,28,2.8895768833849327,NOUN,14.0,3.977272727272727,NOUN,14.0,2.26904376012966
device,NOUN,23,2.3735810113519094,NOUN,15.0,4.261363636363636,NOUN,8.0,1.2965964343598055
people,NOUN,21,2.1671826625387,NOUN,4.0,1.1363636363636365,NOUN,17.0,2.755267423014587
light,NOUN,19,1.96078431372549,NOUN,11.0,3.125,NOUN,8.0,1.2965964343598055
day,NOUN,10,1.0319917440660475,NOUN,2.0,0.5681818181818182,NOUN,8.0,1.2965964343598055
work,NOUN,9,0.9287925696594428,NOUN,1.0,0.2840909090909091,NOUN,8.0,1.2965964343598055
task,NOUN,9,0.9287925696594428,NOUN,4.0,1.1363636363636365,NOUN,5.0,0.8103727714748784
wearable,NOUN,9,0.9287925696594428,,,,NOUN,9.0,1.4586709886547813
sound,NOUN,8,0.8255933952528379,NOUN,6.0,1.7045454545454544,NOUN,2.0,0.3241491085899514
space,NOUN,8,0.8255933952528379,NOUN,1.0,0.2840909090909091,NOUN,7.0,1.1345218800648298
interface,NOUN,8,0.8255933952528379,NOUN,1.0,0.2840909090909091,NOUN,7.0,1.1345218800648298
screen,NOUN,8,0.8255933952528379,,,,NOUN,8.0,1.2965964343598055
time,NOUN,8,0.8255933952528379,NOUN,1.0,0.2840909090909091,NOUN,7.0,1.1345218800648298
level,NOUN,8,0.8255933952528379,NOUN,4.0,1.1363636363636365,NOUN,4.0,0.6482982171799028
bracelet,NOUN,7,0.7223942208462332,NOUN,3.0,0.8522727272727272,NOUN,4.0,0.6482982171799028
massage,NOUN,7,0.7223942208462332,NOUN,4.0,1.1363636363636365,NOUN,3.0,0.4862236628849271
portable,ADJ,7,0.7223942208462332,ADJ,3.0,0.8522727272727272,ADJ,4.0,0.6482982171799028
pillow,NOUN,7,0.7223942208462332,NOUN,6.0,1.7045454545454544,NOUN,1.0,0.1620745542949757
surface,NOUN,7,0.7223942208462332,NOUN,7.0,1.9886363636363635,,,
app,NOUN,7,0.7223942208462332,NOUN,1.0,0.2840909090909091,NOUN,6.0,0.9724473257698544
wrist,NOUN,7,0.7223942208462332,NOUN,6.0,1.7045454545454544,NOUN,1.0,0.1620745542949757
posture,NOUN,6,0.6191950464396285,NOUN,6.0,1.7045454545454544,,,
track,NOUN,6,0.6191950464396285,NOUN,1.0,0.2840909090909091,NOUN,5.0,0.8103727714748784
interactive,ADJ,6,0.6191950464396285,ADJ,2.0,0.5681818181818182,ADJ,4.0,0.6482982171799028
tangible,ADJ,6,0.6191950464396285,ADJ,2.0,0.5681818181818182,ADJ,4.0,0.6482982171799028
other,NOUN,6,0.6191950464396285,NOUN,5.0,1.4204545454545454,ADJ,1.0,0.1620745542949757
nausea,NOUN,5,0.5159958720330238,NOUN,2.0,0.5681818181818182,NOUN,3.0,0.4862236628849271
ambience,NOUN,5,0.5159958720330238,NOUN,3.0,0.8522727272727272,NOUN,2.0,0.3241491085899514
desk,NOUN,5,0.5159958720330238,NOUN,2.0,0.5681818181818182,NOUN,3.0,0.4862236628849271
schedule,NOUN,5,0.5159958720330238,NOUN,3.0,0.8522727272727272,NOUN,2.0,0.3241491085899514
noise,NOUN,5,0.5159958720330238,NOUN,2.0,0.5681818181818182,NOUN,3.0,0.4862236628849271
table,NOUN,5,0.5159958720330238,,,,NOUN,5.0,0.8103727714748784
color,NOUN,5,0.5159958720330238,NOUN,3.0,0.8522727272727272,NOUN,2.0,0.3241491085899514
display,NOUN,5,0.5159958720330238,NOUN,5.0,1.4204545454545454,,,
sensor,NOUN,5,0.5159958720330238,NOUN,2.0,0.5681818181818182,NOUN,3.0,0.4862236628849271
laptop,NOUN,5,0.5159958720330238,NOUN,1.0,0.2840909090909091,NOUN,4.0,0.6482982171799028
person,NOUN,5,0.5159958720330238,NOUN,3.0,0.8522727272727272,NOUN,2.0,0.3241491085899514
name,NOUN,5,0.5159958720330238,NOUN,5.0,1.4204545454545454,,,
material,NOUN,4,0.4127966976264189,NOUN,2.0,0.5681818181818182,NOUN,2.0,0.3241491085899514
machine,NOUN,4,0.4127966976264189,NOUN,1.0,0.2840909090909091,NOUN,3.0,0.4862236628849271
public,ADJ,4,0.4127966976264189,ADJ,1.0,0.2840909090909091,ADJ,3.0,0.4862236628849271
smart,ADJ,4,0.4127966976264189,ADJ,2.0,0.5681818181818182,ADJ,2.0,0.3241491085899514
able,ADJ,4,0.4127966976264189,,,,ADJ,4.0,0.6482982171799028
cm,NOUN,4,0.4127966976264189,NOUN,4.0,1.1363636363636365,,,
computer,NOUN,4,0.4127966976264189,NOUN,2.0,0.5681818181818182,NOUN,2.0,0.3241491085899514
glass,NOUN,4,0.4127966976264189,NOUN,1.0,0.2840909090909091,NOUN,3.0,0.4862236628849271
reminder,NOUN,4,0.4127966976264189,NOUN,1.0,0.2840909090909091,NOUN,3.0,0.4862236628849271
heart,NOUN,4,0.4127966976264189,NOUN,1.0,0.2840909090909091,NOUN,3.0,0.4862236628849271
rate,NOUN,4,0.4127966976264189,NOUN,1.0,0.2840909090909091,NOUN,3.0,0.4862236628849271
environment,NOUN,4,0.4127966976264189,NOUN,2.0,0.5681818181818182,NOUN,2.0,0.3241491085899514
notification,NOUN,4,0.4127966976264189,NOUN,1.0,0.2840909090909091,NOUN,3.0,0.4862236628849271
vibrate,NOUN,4,0.4127966976264189,,,,NOUN,4.0,0.6482982171799028
break,NOUN,4,0.4127966976264189,,,,NOUN,4.0,0.6482982171799028
phone,NOUN,4,0.4127966976264189,,,,NOUN,4.0,0.6482982171799028
water,NOUN,4,0.4127966976264189,,,,NOUN,4.0,0.6482982171799028
wifi,NOUN,4,0.4127966976264189,,,,NOUN,4.0,0.6482982171799028
headphone,NOUN,3,0.3095975232198142,,,,NOUN,3.0,0.4862236628849271
sickness,NOUN,3,0.3095975232198142,NOUN,2.0,0.5681818181818182,NOUN,1.0,0.1620745542949757
digital,ADJ,3,0.3095975232198142,ADJ,3.0,0.8522727272727272,,,
way,NOUN,3,0.3095975232198142,,,,NOUN,3.0,0.4862236628849271
bag,NOUN,3,0.3095975232198142,,,,NOUN,3.0,0.4862236628849271
intensity,NOUN,3,0.3095975232198142,NOUN,3.0,0.8522727272727272,,,
background,NOUN,3,0.3095975232198142,NOUN,2.0,0.5681818181818182,NOUN,1.0,0.1620745542949757
different,ADJ,3,0.3095975232198142,ADJ,1.0,0.2840909090909091,ADJ,2.0,0.3241491085899514
wireless,ADJ,3,0.3095975232198142,ADJ,2.0,0.5681818181818182,ADJ,1.0,0.1620745542949757
hour,NOUN,3,0.3095975232198142,,,,NOUN,3.0,0.4862236628849271
technology,NOUN,3,0.3095975232198142,NOUN,2.0,0.5681818181818182,NOUN,1.0,0.1620745542949757
control,NOUN,3,0.3095975232198142,NOUN,2.0,0.5681818181818182,NOUN,1.0,0.1620745542949757
scent,NOUN,3,0.3095975232198142,NOUN,1.0,0.2840909090909091,NOUN,2.0,0.3241491085899514
collaborative,ADJ,3,0.3095975232198142,ADJ,1.0,0.2840909090909091,ADJ,2.0,0.3241491085899514
hand,NOUN,3,0.3095975232198142,NOUN,1.0,0.2840909090909091,NOUN,2.0,0.3241491085899514
setting,NOUN,3,0.3095975232198142,NOUN,2.0,0.5681818181818182,NOUN,1.0,0.1620745542949757
heartbeat,NOUN,3,0.3095975232198142,NOUN,2.0,0.5681818181818182,NOUN,1.0,0.1620745542949757
plastic,NOUN,3,0.3095975232198142,NOUN,3.0,0.8522727272727272,,,
audio,ADJ,3,0.3095975232198142,,,,ADJ,3.0,0.4862236628849271
atmosphere,NOUN,3,0.3095975232198142,NOUN,1.0,0.2840909090909091,NOUN,2.0,0.3241491085899514
same,ADJ,3,0.3095975232198142,,,,ADJ,3.0,0.4862236628849271
outside,NOUN,3,0.3095975232198142,,,,NOUN,3.0,0.4862236628849271
warm,NOUN,3,0.3095975232198142,ADJ,2.0,0.5681818181818182,NOUN,1.0,0.1620745542949757
mobile,ADJ,3,0.3095975232198142,ADJ,1.0,0.2840909090909091,ADJ,2.0,0.3241491085899514
call,NOUN,3,0.3095975232198142,,,,NOUN,3.0,0.4862236628849271
type,NOUN,3,0.3095975232198142,NOUN,1.0,0.2840909090909091,NOUN,2.0,0.3241491085899514
smartphone,NOUN,3,0.3095975232198142,NOUN,3.0,0.8522727272727272,,,
worker,NOUN,3,0.3095975232198142,,,,NOUN,3.0,0.4862236628849271
strain,NOUN,3,0.3095975232198142,NOUN,2.0,0.5681818181818182,NOUN,1.0,0.1620745542949757
pulse,NOUN,3,0.3095975232198142,NOUN,1.0,0.2840909090909091,NOUN,2.0,0.3241491085899514
pen,NOUN,3,0.3095975232198142,NOUN,2.0,0.5681818181818182,NOUN,1.0,0.1620745542949757
progress,NOUN,3,0.3095975232198142,NOUN,1.0,0.2840909090909091,NOUN,2.0,0.3241491085899514
stress,NOUN,3,0.3095975232198142,NOUN,2.0,0.5681818181818182,NOUN,1.0,0.1620745542949757
list,NOUN,3,0.3095975232198142,NOUN,1.0,0.2840909090909091,NOUN,2.0,0.3241491085899514
sleep,NOUN,3,0.3095975232198142,NOUN,1.0,0.2840909090909091,NOUN,2.0,0.3241491085899514
motion,NOUN,3,0.3095975232198142,NOUN,2.0,0.5681818181818182,NOUN,1.0,0.1620745542949757
natural,ADJ,3,0.3095975232198142,ADJ,2.0,0.5681818181818182,ADJ,1.0,0.1620745542949757
necklace,NOUN,3,0.3095975232198142,NOUN,2.0,0.5681818181818182,NOUN,1.0,0.1620745542949757
piece,NOUN,2,0.2063983488132094,,,,NOUN,2.0,0.3241491085899514
pendant,NOUN,2,0.2063983488132094,NOUN,2.0,0.5681818181818182,,,
goal,NOUN,2,0.2063983488132094,NOUN,1.0,0.2840909090909091,NOUN,1.0,0.1620745542949757
speaker,NOUN,2,0.2063983488132094,NOUN,1.0,0.2840909090909091,NOUN,1.0,0.1620745542949757
game,NOUN,2,0.2063983488132094,,,,NOUN,2.0,0.3241491085899514
soft,ADJ,2,0.2063983488132094,ADJ,2.0,0.5681818181818182,,,
place,NOUN,2,0.2063983488132094,,,,NOUN,2.0,0.3241491085899514
feeling,NOUN,2,0.2063983488132094,NOUN,1.0,0.2840909090909091,NOUN,1.0,0.1620745542949757
paper,NOUN,2,0.2063983488132094,NOUN,1.0,0.2840909090909091,NOUN,1.0,0.1620745542949757
fun,NOUN,2,0.2063983488132094,,,,NOUN,2.0,0.3241491085899514
several,ADJ,2,0.2063983488132094,ADJ,2.0,0.5681818181818182,,,
flat,NOUN,2,0.2063983488132094,ADJ,1.0,0.2840909090909091,NOUN,1.0,0.1620745542949757
photo,NOUN,2,0.2063983488132094,,,,NOUN,2.0,0.3241491085899514
signal,NOUN,2,0.2063983488132094,,,,NOUN,2.0,0.3241491085899514
mood,NOUN,2,0.2063983488132094,,,,NOUN,2.0,0.3241491085899514
habit,NOUN,2,0.2063983488132094,,,,NOUN,2.0,0.3241491085899514
practice,NOUN,2,0.2063983488132094,,,,NOUN,2.0,0.3241491085899514
min,NOUN,2,0.2063983488132094,,,,NOUN,2.0,0.3241491085899514
question,NOUN,2,0.2063983488132094,,,,NOUN,2.0,0.3241491085899514
meditation,NOUN,2,0.2063983488132094,NOUN,1.0,0.2840909090909091,NOUN,1.0,0.1620745542949757
measure,NOUN,2,0.2063983488132094,,,,NOUN,2.0,0.3241491085899514
mask,NOUN,2,0.2063983488132094,NOUN,1.0,0.2840909090909091,NOUN,1.0,0.1620745542949757
random,ADJ,2,0.2063983488132094,,,,ADJ,2.0,0.3241491085899514
many,ADJ,2,0.2063983488132094,,,,ADJ,2.0,0.3241491085899514
productivity,NOUN,2,0.2063983488132094,,,,NOUN,2.0,0.3241491085899514
specific,ADJ,2,0.2063983488132094,,,,ADJ,2.0,0.3241491085899514
long,ADJ,2,0.2063983488132094,ADJ,1.0,0.2840909090909091,ADJ,1.0,0.1620745542949757
multiple,ADJ,2,0.2063983488132094,,,,ADJ,2.0,0.3241491085899514
lap,NOUN,2,0.2063983488132094,,,,NOUN,2.0,0.3241491085899514
haptic,NOUN,2,0.2063983488132094,ADJ,1.0,0.2840909090909091,NOUN,1.0,0.1620745542949757
point,NOUN,2,0.2063983488132094,NOUN,1.0,0.2840909090909091,NOUN,1.0,0.1620745542949757
rest,NOUN,2,0.2063983488132094,NOUN,2.0,0.5681818181818182,,,
review,NOUN,2,0.2063983488132094,NOUN,1.0,0.2840909090909091,NOUN,1.0,0.1620745542949757
room,NOUN,2,0.2063983488132094,,,,NOUN,2.0,0.3241491085899514
info,NOUN,2,0.2063983488132094,,,,NOUN,2.0,0.3241491085899514
nonverbal,ADJ,2,0.2063983488132094,,,,ADJ,2.0,0.3241491085899514
idea,NOUN,2,0.2063983488132094,,,,NOUN,2.0,0.3241491085899514
route,NOUN,2,0.2063983488132094,,,,NOUN,2.0,0.3241491085899514
mode,NOUN,2,0.2063983488132094,NOUN,1.0,0.2840909090909091,NOUN,1.0,0.1620745542949757
platform,NOUN,2,0.2063983488132094,,,,NOUN,2.0,0.3241491085899514
one,NOUN,2,0.2063983488132094,NOUN,1.0,0.2840909090909091,NOUN,1.0,0.1620745542949757
monitor,NOUN,2,0.2063983488132094,NOUN,1.0,0.2840909090909091,NOUN,1.0,0.1620745542949757
sort,NOUN,2,0.2063983488132094,,,,NOUN,2.0,0.3241491085899514
website,NOUN,2,0.2063983488132094,,,,NOUN,2.0,0.3241491085899514
visible,ADJ,2,0.2063983488132094,,,,ADJ,2.0,0.3241491085899514
such,ADJ,2,0.2063983488132094,ADJ,1.0,0.2840909090909091,ADJ,1.0,0.1620745542949757
todo,ADJ,2,0.2063983488132094,ADJ,1.0,0.2840909090909091,ADJ,1.0,0.1620745542949757
wave,NOUN,2,0.2063983488132094,NOUN,2.0,0.5681818181818182,,,
wallmounted,ADJ,2,0.2063983488132094,ADJ,2.0,0.5681818181818182,,,
button,NOUN,2,0.2063983488132094,NOUN,2.0,0.5681818181818182,,,
thing,NOUN,2,0.2063983488132094,,,,NOUN,2.0,0.3241491085899514
therapy,NOUN,2,0.2063983488132094,NOUN,1.0,0.2840909090909091,NOUN,1.0,0.1620745542949757
bottle,NOUN,2,0.2063983488132094,,,,NOUN,2.0,0.3241491085899514
certain,ADJ,2,0.2063983488132094,ADJ,1.0,0.2840909090909091,ADJ,1.0,0.1620745542949757
use,NOUN,2,0.2063983488132094,NOUN,1.0,0.2840909090909091,NOUN,1.0,0.1620745542949757
temperature,NOUN,2,0.2063983488132094,,,,NOUN,2.0,0.3241491085899514
bus,NOUN,2,0.2063983488132094,,,,NOUN,2.0,0.3241491085899514
sync,NOUN,2,0.2063983488132094,NOUN,2.0,0.5681818181818182,,,
content,NOUN,2,0.2063983488132094,,,,NOUN,2.0,0.3241491085899514
cushion,NOUN,2,0.2063983488132094,NOUN,1.0,0.2840909090909091,NOUN,1.0,0.1620745542949757
current,ADJ,2,0.2063983488132094,ADJ,2.0,0.5681818181818182,,,
disruption,NOUN,2,0.2063983488132094,,,,NOUN,2.0,0.3241491085899514
cup,NOUN,2,0.2063983488132094,,,,NOUN,2.0,0.3241491085899514
adjustment,NOUN,2,0.2063983488132094,NOUN,1.0,0.2840909090909091,NOUN,1.0,0.1620745542949757
travel,NOUN,2,0.2063983488132094,NOUN,1.0,0.2840909090909091,NOUN,1.0,0.1620745542949757
study,NOUN,2,0.2063983488132094,,,,NOUN,2.0,0.3241491085899514
amount,NOUN,2,0.2063983488132094,NOUN,1.0,0.2840909090909091,NOUN,1.0,0.1620745542949757
trivia,ADJ,2,0.2063983488132094,,,,ADJ,2.0,0.3241491085899514
area,NOUN,2,0.2063983488132094,,,,NOUN,2.0,0.3241491085899514
whiteboard,NOUN,2,0.2063983488132094,NOUN,1.0,0.2840909090909091,NOUN,1.0,0.1620745542949757
alert,NOUN,2,0.2063983488132094,,,,NOUN,2.0,0.3241491085899514
tui,NOUN,2,0.2063983488132094,,,,NOUN,2.0,0.3241491085899514
coffee,NOUN,2,0.2063983488132094,,,,NOUN,2.0,0.3241491085899514
vapor,NOUN,1,0.1031991744066047,NOUN,1.0,0.2840909090909091,,,
real,ADJ,1,0.1031991744066047,,,,ADJ,1.0,0.1620745542949757
variety,NOUN,1,0.1031991744066047,NOUN,1.0,0.2840909090909091,,,
realistic,ADJ,1,0.1031991744066047,,,,ADJ,1.0,0.1620745542949757
transportation,NOUN,1,0.1031991744066047,,,,NOUN,1.0,0.1620745542949757
reading,NOUN,1,0.1031991744066047,,,,NOUN,1.0,0.1620745542949757
unit,NOUN,1,0.1031991744066047,NOUN,1.0,0.2840909090909091,,,
trip,NOUN,1,0.1031991744066047,,,,NOUN,1.0,0.1620745542949757
reader,NOUN,1,0.1031991744066047,,,,NOUN,1.0,0.1620745542949757
tray,NOUN,1,0.1031991744066047,,,,NOUN,1.0,0.1620745542949757
proximity,NOUN,1,0.1031991744066047,,,,NOUN,1.0,0.1620745542949757
upper,ADJ,1,0.1031991744066047,,,,ADJ,1.0,0.1620745542949757
unreliablenonexistent,ADJ,1,0.1031991744066047,,,,ADJ,1.0,0.1620745542949757
unobtrusive,ADJ,1,0.1031991744066047,,,,ADJ,1.0,0.1620745542949757
rain,NOUN,1,0.1031991744066047,NOUN,1.0,0.2840909090909091,,,
vehicle,NOUN,1,0.1031991744066047,,,,NOUN,1.0,0.1620745542949757
unnecessary,ADJ,1,0.1031991744066047,ADJ,1.0,0.2840909090909091,,,
uniterrupted,ADJ,1,0.1031991744066047,,,,ADJ,1.0,0.1620745542949757
spray,NOUN,1,0.1031991744066047,,,,NOUN,1.0,0.1620745542949757
printer,NOUN,1,0.1031991744066047,,,,NOUN,1.0,0.1620745542949757
proper,ADJ,1,0.1031991744066047,ADJ,1.0,0.2840909090909091,,,
vibe,NOUN,1,0.1031991744066047,,,,NOUN,1.0,0.1620745542949757
pet,NOUN,1,0.1031991744066047,,,,NOUN,1.0,0.1620745542949757
wristsfinger,NOUN,1,0.1031991744066047,,,,NOUN,1.0,0.1620745542949757
workspace,NOUN,1,0.1031991744066047,,,,NOUN,1.0,0.1620745542949757
working,NOUN,1,0.1031991744066047,,,,NOUN,1.0,0.1620745542949757
phonelaptop,NOUN,1,0.1031991744066047,,,,NOUN,1.0,0.1620745542949757
wood,NOUN,1,0.1031991744066047,NOUN,1.0,0.2840909090909091,,,
physical,ADJ,1,0.1031991744066047,,,,ADJ,1.0,0.1620745542949757
picture,NOUN,1,0.1031991744066047,,,,NOUN,1.0,0.1620745542949757
wind,NOUN,1,0.1031991744066047,NOUN,1.0,0.2840909090909091,,,
width,NOUN,1,0.1031991744066047,NOUN,1.0,0.2840909090909091,,,
planner,NOUN,1,0.1031991744066047,,,,NOUN,1.0,0.1620745542949757
planning,NOUN,1,0.1031991744066047,,,,NOUN,1.0,0.1620745542949757
white,ADJ,1,0.1031991744066047,ADJ,1.0,0.2840909090909091,,,
well,ADJ,1,0.1031991744066047,ADJ,1.0,0.2840909090909091,,,
weight,NOUN,1,0.1031991744066047,,,,NOUN,1.0,0.1620745542949757
pleasing,ADJ,1,0.1031991744066047,,,,ADJ,1.0,0.1620745542949757
wearer,NOUN,1,0.1031991744066047,,,,NOUN,1.0,0.1620745542949757
wayalway,NOUN,1,0.1031991744066047,,,,NOUN,1.0,0.1620745542949757
pocket,NOUN,1,0.1031991744066047,,,,NOUN,1.0,0.1620745542949757
pomodoro,ADJ,1,0.1031991744066047,,,,ADJ,1.0,0.1620745542949757
walk,NOUN,1,0.1031991744066047,,,,NOUN,1.0,0.1620745542949757
voice,NOUN,1,0.1031991744066047,,,,NOUN,1.0,0.1620745542949757
vital,NOUN,1,0.1031991744066047,,,,NOUN,1.0,0.1620745542949757
visual,ADJ,1,0.1031991744066047,,,,ADJ,1.0,0.1620745542949757
preference,NOUN,1,0.1031991744066047,,,,NOUN,1.0,0.1620745542949757
videoaudio,ADJ,1,0.1031991744066047,,,,ADJ,1.0,0.1620745542949757
realtime,ADJ,1,0.1031991744066047,ADJ,1.0,0.2840909090909091,,,
video,NOUN,1,0.1031991744066047,,,,NOUN,1.0,0.1620745542949757
vibration,NOUN,1,0.1031991744066047,NOUN,1.0,0.2840909090909091,,,
reality,NOUN,1,0.1031991744066047,NOUN,1.0,0.2840909090909091,,,
regular,ADJ,1,0.1031991744066047,,,,ADJ,1.0,0.1620745542949757
transit,NOUN,1,0.1031991744066047,,,,NOUN,1.0,0.1620745542949757
shape,NOUN,1,0.1031991744066047,NOUN,1.0,0.2840909090909091,,,
simple,ADJ,1,0.1031991744066047,ADJ,1.0,0.2840909090909091,,,
similar,ADJ,1,0.1031991744066047,,,,ADJ,1.0,0.1620745542949757
silencer,NOUN,1,0.1031991744066047,,,,NOUN,1.0,0.1620745542949757
subtle,ADJ,1,0.1031991744066047,ADJ,1.0,0.2840909090909091,,,
sign,NOUN,1,0.1031991744066047,NOUN,1.0,0.2840909090909091,,,
side,NOUN,1,0.1031991744066047,,,,NOUN,1.0,0.1620745542949757
shakey,ADJ,1,0.1031991744066047,,,,ADJ,1.0,0.1620745542949757
recognition,NOUN,1,0.1031991744066047,NOUN,1.0,0.2840909090909091,,,
sunlight,NOUN,1,0.1031991744066047,,,,NOUN,1.0,0.1620745542949757
sunlightcoffeeshopcheerful,ADJ,1,0.1031991744066047,,,,ADJ,1.0,0.1620745542949757
support,NOUN,1,0.1031991744066047,,,,NOUN,1.0,0.1620745542949757
setup,NOUN,1,0.1031991744066047,,,,NOUN,1.0,0.1620745542949757
supportive,ADJ,1,0.1031991744066047,ADJ,1.0,0.2840909090909091,,,
sure,ADJ,1,0.1031991744066047,ADJ,1.0,0.2840909090909091,,,
skin,NOUN,1,0.1031991744066047,NOUN,1.0,0.2840909090909091,,,
slider,NOUN,1,0.1031991744066047,NOUN,1.0,0.2840909090909091,,,
strength,NOUN,1,0.1031991744066047,,,,NOUN,1.0,0.1620745542949757
small,ADJ,1,0.1031991744066047,ADJ,1.0,0.2840909090909091,,,
stoplike,NOUN,1,0.1031991744066047,,,,NOUN,1.0,0.1620745542949757
stop,NOUN,1,0.1031991744066047,,,,NOUN,1.0,0.1620745542949757
smooth,ADJ,1,0.1031991744066047,ADJ,1.0,0.2840909090909091,,,
smth,NOUN,1,0.1031991744066047,,,,NOUN,1.0,0.1620745542949757
sticky,ADJ,1,0.1031991744066047,,,,ADJ,1.0,0.1620745542949757
software,NOUN,1,0.1031991744066047,NOUN,1.0,0.2840909090909091,,,
solution,NOUN,1,0.1031991744066047,NOUN,1.0,0.2840909090909091,,,
stay,NOUN,1,0.1031991744066047,NOUN,1.0,0.2840909090909091,,,
stand,NOUN,1,0.1031991744066047,,,,NOUN,1.0,0.1620745542949757
stable,ADJ,1,0.1031991744066047,,,,ADJ,1.0,0.1620745542949757
stabilizer,NOUN,1,0.1031991744066047,,,,NOUN,1.0,0.1620745542949757
specialized,ADJ,1,0.1031991744066047,,,,ADJ,1.0,0.1620745542949757
stabilization,NOUN,1,0.1031991744066047,,,,NOUN,1.0,0.1620745542949757
set,ADJ,1,0.1031991744066047,,,,ADJ,1.0,0.1620745542949757
session,NOUN,1,0.1031991744066047,NOUN,1.0,0.2840909090909091,,,
surrounding,NOUN,1,0.1031991744066047,,,,NOUN,1.0,0.1620745542949757
ride,NOUN,1,0.1031991744066047,,,,NOUN,1.0,0.1620745542949757
rectangular,ADJ,1,0.1031991744066047,ADJ,1.0,0.2840909090909091,,,
red,NOUN,1,0.1031991744066047,,,,NOUN,1.0,0.1620745542949757
reduction,NOUN,1,0.1031991744066047,,,,NOUN,1.0,0.1620745542949757
spot,NOUN,1,0.1031991744066047,,,,NOUN,1.0,0.1620745542949757
trainsubway,NOUN,1,0.1031991744066047,,,,NOUN,1.0,0.1620745542949757
tracking,NOUN,1,0.1031991744066047,,,,NOUN,1.0,0.1620745542949757
relaxed,ADJ,1,0.1031991744066047,ADJ,1.0,0.2840909090909091,,,
relaxing,ADJ,1,0.1031991744066047,ADJ,1.0,0.2840909090909091,,,
relief,NOUN,1,0.1031991744066047,,,,NOUN,1.0,0.1620745542949757
toy,NOUN,1,0.1031991744066047,,,,NOUN,1.0,0.1620745542949757
replicate,ADJ,1,0.1031991744066047,,,,ADJ,1.0,0.1620745542949757
response,NOUN,1,0.1031991744066047,,,,NOUN,1.0,0.1620745542949757
topic,NOUN,1,0.1031991744066047,,,,NOUN,1.0,0.1620745542949757
top,NOUN,1,0.1031991744066047,NOUN,1.0,0.2840909090909091,,,
togetherness,NOUN,1,0.1031991744066047,,,,NOUN,1.0,0.1620745542949757
sensory,ADJ,1,0.1031991744066047,,,,ADJ,1.0,0.1620745542949757
tissue,NOUN,1,0.1031991744066047,NOUN,1.0,0.2840909090909091,,,
threshold,NOUN,1,0.1031991744066047,NOUN,1.0,0.2840909090909091,,,
round,ADJ,1,0.1031991744066047,ADJ,1.0,0.2840909090909091,,,
therapist,NOUN,1,0.1031991744066047,,,,NOUN,1.0,0.1620745542949757
router,NOUN,1,0.1031991744066047,NOUN,1.0,0.2840909090909091,,,
routine,ADJ,1,0.1031991744066047,,,,ADJ,1.0,0.1620745542949757
techfunctionality,NOUN,1,0.1031991744066047,,,,NOUN,1.0,0.1620745542949757
tangent,NOUN,1,0.1031991744066047,,,,NOUN,1.0,0.1620745542949757
tamogatchilike,ADJ,1,0.1031991744066047,,,,ADJ,1.0,0.1620745542949757
tablet,NOUN,1,0.1031991744066047,NOUN,1.0,0.2840909090909091,,,
system,NOUN,1,0.1031991744066047,,,,NOUN,1.0,0.1620745542949757
sensation,NOUN,1,0.1031991744066047,,,,NOUN,1.0,0.1620745542949757
sensitiveconfidential,ADJ,1,0.1031991744066047,,,,ADJ,1.0,0.1620745542949757
symptom,NOUN,1,0.1031991744066047,NOUN,1.0,0.2840909090909091,,,
personality,NOUN,1,0.1031991744066047,,,,NOUN,1.0,0.1620745542949757
ability,NOUN,1,0.1031991744066047,NOUN,1.0,0.2840909090909091,,,
peripheral,NOUN,1,0.1031991744066047,,,,NOUN,1.0,0.1620745542949757
commute,NOUN,1,0.1031991744066047,NOUN,1.0,0.2840909090909091,,,
cool,ADJ,1,0.1031991744066047,ADJ,1.0,0.2840909090909091,,,
conversation,NOUN,1,0.1031991744066047,,,,NOUN,1.0,0.1620745542949757
convenient,ADJ,1,0.1031991744066047,,,,ADJ,1.0,0.1620745542949757
contact,NOUN,1,0.1031991744066047,,,,NOUN,1.0,0.1620745542949757
connection,NOUN,1,0.1031991744066047,,,,NOUN,1.0,0.1620745542949757
conductance,NOUN,1,0.1031991744066047,NOUN,1.0,0.2840909090909091,,,
computing,NOUN,1,0.1031991744066047,,,,NOUN,1.0,0.1620745542949757
competition,NOUN,1,0.1031991744066047,,,,NOUN,1.0,0.1620745542949757
commuting,NOUN,1,0.1031991744066047,,,,NOUN,1.0,0.1620745542949757
commuter,NOUN,1,0.1031991744066047,,,,NOUN,1.0,0.1620745542949757
communication,NOUN,1,0.1031991744066047,,,,NOUN,1.0,0.1620745542949757
perfect,ADJ,1,0.1031991744066047,ADJ,1.0,0.2840909090909091,,,
common,ADJ,1,0.1031991744066047,,,,ADJ,1.0,0.1620745542949757
comfort,NOUN,1,0.1031991744066047,NOUN,1.0,0.2840909090909091,,,
combination,NOUN,1,0.1031991744066047,NOUN,1.0,0.2840909090909091,,,
collapsible,ADJ,1,0.1031991744066047,,,,ADJ,1.0,0.1620745542949757
collaboration,NOUN,1,0.1031991744066047,,,,NOUN,1.0,0.1620745542949757
collaborate,ADJ,1,0.1031991744066047,,,,ADJ,1.0,0.1620745542949757
coffeeshop,NOUN,1,0.1031991744066047,NOUN,1.0,0.2840909090909091,,,
clipboard,NOUN,1,0.1031991744066047,,,,NOUN,1.0,0.1620745542949757
class,NOUN,1,0.1031991744066047,,,,NOUN,1.0,0.1620745542949757
child,NOUN,1,0.1031991744066047,,,,NOUN,1.0,0.1620745542949757
cozy,ADJ,1,0.1031991744066047,ADJ,1.0,0.2840909090909091,,,
crack,NOUN,1,0.1031991744066047,,,,NOUN,1.0,0.1620745542949757
cycle,NOUN,1,0.1031991744066047,NOUN,1.0,0.2840909090909091,,,
cylindrical,ADJ,1,0.1031991744066047,ADJ,1.0,0.2840909090909091,,,
emotion,NOUN,1,0.1031991744066047,,,,NOUN,1.0,0.1620745542949757
easy,ADJ,1,0.1031991744066047,,,,ADJ,1.0,0.1620745542949757
earring,NOUN,1,0.1031991744066047,,,,NOUN,1.0,0.1620745542949757
earpieceearbud,NOUN,1,0.1031991744066047,,,,NOUN,1.0,0.1620745542949757
duration,NOUN,1,0.1031991744066047,NOUN,1.0,0.2840909090909091,,,
durable,ADJ,1,0.1031991744066047,ADJ,1.0,0.2840909090909091,,,
drink,NOUN,1,0.1031991744066047,,,,NOUN,1.0,0.1620745542949757
document,NOUN,1,0.1031991744066047,,,,NOUN,1.0,0.1620745542949757
dnd,NOUN,1,0.1031991744066047,,,,NOUN,1.0,0.1620745542949757
direction,NOUN,1,0.1031991744066047,,,,NOUN,1.0,0.1620745542949757
dining,NOUN,1,0.1031991744066047,,,,NOUN,1.0,0.1620745542949757
diameter,NOUN,1,0.1031991744066047,NOUN,1.0,0.2840909090909091,,,
dial,NOUN,1,0.1031991744066047,NOUN,1.0,0.2840909090909091,,,
design,NOUN,1,0.1031991744066047,NOUN,1.0,0.2840909090909091,,,
deep,ADJ,1,0.1031991744066047,ADJ,1.0,0.2840909090909091,,,
deadline,NOUN,1,0.1031991744066047,,,,NOUN,1.0,0.1620745542949757
daytoday,NOUN,1,0.1031991744066047,NOUN,1.0,0.2840909090909091,,,
daylight,NOUN,1,0.1031991744066047,NOUN,1.0,0.2840909090909091,,,
datum,NOUN,1,0.1031991744066047,,,,NOUN,1.0,0.1620745542949757
darklight,ADJ,1,0.1031991744066047,,,,ADJ,1.0,0.1620745542949757
danger,NOUN,1,0.1031991744066047,,,,NOUN,1.0,0.1620745542949757
checklist,NOUN,1,0.1031991744066047,,,,NOUN,1.0,0.1620745542949757
check,NOUN,1,0.1031991744066047,,,,NOUN,1.0,0.1620745542949757
charger,NOUN,1,0.1031991744066047,,,,NOUN,1.0,0.1620745542949757
base,NOUN,1,0.1031991744066047,NOUN,1.0,0.2840909090909091,,,
balance,NOUN,1,0.1031991744066047,,,,NOUN,1.0,0.1620745542949757
bagjacket,NOUN,1,0.1031991744066047,,,,NOUN,1.0,0.1620745542949757
bad,ADJ,1,0.1031991744066047,ADJ,1.0,0.2840909090909091,,,
back,NOUN,1,0.1031991744066047,,,,NOUN,1.0,0.1620745542949757
aware,ADJ,1,0.1031991744066047,,,,ADJ,1.0,0.1620745542949757
awake,ADJ,1,0.1031991744066047,,,,ADJ,1.0,0.1620745542949757
augmented,ADJ,1,0.1031991744066047,ADJ,1.0,0.2840909090909091,,,
assistant,NOUN,1,0.1031991744066047,,,,NOUN,1.0,0.1620745542949757
arvr,NOUN,1,0.1031991744066047,,,,NOUN,1.0,0.1620745542949757
art,NOUN,1,0.1031991744066047,,,,NOUN,1.0,0.1620745542949757
approachable,ADJ,1,0.1031991744066047,,,,ADJ,1.0,0.1620745542949757
anxiety,NOUN,1,0.1031991744066047,,,,NOUN,1.0,0.1620745542949757
ambient,ADJ,1,0.1031991744066047,ADJ,1.0,0.2840909090909091,,,
ambiance,NOUN,1,0.1031991744066047,,,,NOUN,1.0,0.1620745542949757
alone,ADJ,1,0.1031991744066047,,,,ADJ,1.0,0.1620745542949757
alarm,NOUN,1,0.1031991744066047,,,,NOUN,1.0,0.1620745542949757
affective,ADJ,1,0.1031991744066047,,,,ADJ,1.0,0.1620745542949757
advice,NOUN,1,0.1031991744066047,NOUN,1.0,0.2840909090909091,,,
activist,NOUN,1,0.1031991744066047,,,,NOUN,1.0,0.1620745542949757
accountabilitybuddy,NOUN,1,0.1031991744066047,,,,NOUN,1.0,0.1620745542949757
access,NOUN,1,0.1031991744066047,NOUN,1.0,0.2840909090909091,,,
band,NOUN,1,0.1031991744066047,,,,NOUN,1.0,0.1620745542949757
bathroom,NOUN,1,0.1031991744066047,,,,NOUN,1.0,0.1620745542949757
changing,NOUN,1,0.1031991744066047,NOUN,1.0,0.2840909090909091,,,
belonging,NOUN,1,0.1031991744066047,,,,NOUN,1.0,0.1620745542949757
change,NOUN,1,0.1031991744066047,,,,NOUN,1.0,0.1620745542949757
chair,NOUN,1,0.1031991744066047,,,,NOUN,1.0,0.1620745542949757
case,NOUN,1,0.1031991744066047,,,,NOUN,1.0,0.1620745542949757
capacity,NOUN,1,0.1031991744066047,,,,NOUN,1.0,0.1620745542949757
calming,ADJ,1,0.1031991744066047,ADJ,1.0,0.2840909090909091,,,
cafe,NOUN,1,0.1031991744066047,NOUN,1.0,0.2840909090909091,,,
buttonsmotion,NOUN,1,0.1031991744066047,,,,NOUN,1.0,0.1620745542949757
bustrain,ADJ,1,0.1031991744066047,,,,ADJ,1.0,0.1620745542949757
bumpy,ADJ,1,0.1031991744066047,,,,ADJ,1.0,0.1620745542949757
buddy,NOUN,1,0.1031991744066047,,,,NOUN,1.0,0.1620745542949757
brightness,NOUN,1,0.1031991744066047,,,,NOUN,1.0,0.1620745542949757
bright,ADJ,1,0.1031991744066047,ADJ,1.0,0.2840909090909091,,,
breathing,NOUN,1,0.1031991744066047,,,,NOUN,1.0,0.1620745542949757
breathable,ADJ,1,0.1031991744066047,ADJ,1.0,0.2840909090909091,,,
breakseat,NOUN,1,0.1031991744066047,,,,NOUN,1.0,0.1620745542949757
brainstorming,NOUN,1,0.1031991744066047,NOUN,1.0,0.2840909090909091,,,
box,NOUN,1,0.1031991744066047,NOUN,1.0,0.2840909090909091,,,
bot,NOUN,1,0.1031991744066047,,,,NOUN,1.0,0.1620745542949757
body,NOUN,1,0.1031991744066047,NOUN,1.0,0.2840909090909091,,,
board,NOUN,1,0.1031991744066047,,,,NOUN,1.0,0.1620745542949757
block,NOUN,1,0.1031991744066047,,,,NOUN,1.0,0.1620745542949757
emotional,ADJ,1,0.1031991744066047,,,,ADJ,1.0,0.1620745542949757
entry,NOUN,1,0.1031991744066047,,,,NOUN,1.0,0.1620745542949757
environmental,ADJ,1,0.1031991744066047,,,,ADJ,1.0,0.1620745542949757
most,ADJ,1,0.1031991744066047,,,,ADJ,1.0,0.1620745542949757
metal,NOUN,1,0.1031991744066047,NOUN,1.0,0.2840909090909091,,,
melatonin,NOUN,1,0.1031991744066047,,,,NOUN,1.0,0.1620745542949757
meeting,NOUN,1,0.1031991744066047,,,,NOUN,1.0,0.1620745542949757
mechanic,NOUN,1,0.1031991744066047,,,,NOUN,1.0,0.1620745542949757
map,NOUN,1,0.1031991744066047,,,,NOUN,1.0,0.1620745542949757
low,ADJ,1,0.1031991744066047,ADJ,1.0,0.2840909090909091,,,
loss,NOUN,1,0.1031991744066047,,,,NOUN,1.0,0.1620745542949757
locket,NOUN,1,0.1031991744066047,,,,NOUN,1.0,0.1620745542949757
location,NOUN,1,0.1031991744066047,NOUN,1.0,0.2840909090909091,,,
local,ADJ,1,0.1031991744066047,,,,ADJ,1.0,0.1620745542949757
lighting,NOUN,1,0.1031991744066047,,,,NOUN,1.0,0.1620745542949757
lightdarkness,ADJ,1,0.1031991744066047,,,,ADJ,1.0,0.1620745542949757
life,NOUN,1,0.1031991744066047,,,,NOUN,1.0,0.1620745542949757
librarycoffeeshop,NOUN,1,0.1031991744066047,,,,NOUN,1.0,0.1620745542949757
length,NOUN,1,0.1031991744066047,NOUN,1.0,0.2840909090909091,,,
leisure,NOUN,1,0.1031991744066047,,,,NOUN,1.0,0.1620745542949757
led,NOUN,1,0.1031991744066047,NOUN,1.0,0.2840909090909091,,,
lamp,NOUN,1,0.1031991744066047,NOUN,1.0,0.2840909090909091,,,
knob,NOUN,1,0.1031991744066047,NOUN,1.0,0.2840909090909091,,,
kind,NOUN,1,0.1031991744066047,,,,NOUN,1.0,0.1620745542949757
journal,NOUN,1,0.1031991744066047,,,,NOUN,1.0,0.1620745542949757
microtask,NOUN,1,0.1031991744066047,,,,NOUN,1.0,0.1620745542949757
mousekeyboard,NOUN,1,0.1031991744066047,,,,NOUN,1.0,0.1620745542949757
jaw,NOUN,1,0.1031991744066047,,,,NOUN,1.0,0.1620745542949757
move,NOUN,1,0.1031991744066047,,,,NOUN,1.0,0.1620745542949757
pencil,NOUN,1,0.1031991744066047,,,,NOUN,1.0,0.1620745542949757
pattern,NOUN,1,0.1031991744066047,,,,NOUN,1.0,0.1620745542949757
parent,NOUN,1,0.1031991744066047,,,,NOUN,1.0,0.1620745542949757
panel,NOUN,1,0.1031991744066047,NOUN,1.0,0.2840909090909091,,,
pair,NOUN,1,0.1031991744066047,NOUN,1.0,0.2840909090909091,,,
pad,NOUN,1,0.1031991744066047,,,,NOUN,1.0,0.1620745542949757
own,ADJ,1,0.1031991744066047,,,,ADJ,1.0,0.1620745542949757
overwhelming,ADJ,1,0.1031991744066047,,,,ADJ,1.0,0.1620745542949757
organization,NOUN,1,0.1031991744066047,,,,NOUN,1.0,0.1620745542949757
open,ADJ,1,0.1031991744066047,,,,ADJ,1.0,0.1620745542949757
online,ADJ,1,0.1031991744066047,,,,ADJ,1.0,0.1620745542949757
occupant,NOUN,1,0.1031991744066047,,,,NOUN,1.0,0.1620745542949757
note,NOUN,1,0.1031991744066047,,,,NOUN,1.0,0.1620745542949757
new,ADJ,1,0.1031991744066047,,,,ADJ,1.0,0.1620745542949757
need,NOUN,1,0.1031991744066047,,,,NOUN,1.0,0.1620745542949757
neckshoulder,NOUN,1,0.1031991744066047,,,,NOUN,1.0,0.1620745542949757
neck,NOUN,1,0.1031991744066047,,,,NOUN,1.0,0.1620745542949757
music,NOUN,1,0.1031991744066047,NOUN,1.0,0.2840909090909091,,,
muscle,NOUN,1,0.1031991744066047,NOUN,1.0,0.2840909090909091,,,
multitouch,ADJ,1,0.1031991744066047,ADJ,1.0,0.2840909090909091,,,
much,ADJ,1,0.1031991744066047,,,,ADJ,1.0,0.1620745542949757
jazz,NOUN,1,0.1031991744066047,NOUN,1.0,0.2840909090909091,,,
jacketvest,NOUN,1,0.1031991744066047,,,,NOUN,1.0,0.1620745542949757
ergonomic,ADJ,1,0.1031991744066047,ADJ,1.0,0.2840909090909091,,,
focused,ADJ,1,0.1031991744066047,ADJ,1.0,0.2840909090909091,,,
foam,NOUN,1,0.1031991744066047,NOUN,1.0,0.2840909090909091,,,
flight,NOUN,1,0.1031991744066047,,,,NOUN,1.0,0.1620745542949757
flashcard,NOUN,1,0.1031991744066047,,,,NOUN,1.0,0.1620745542949757
finish,NOUN,1,0.1031991744066047,NOUN,1.0,0.2840909090909091,,,
file,NOUN,1,0.1031991744066047,,,,NOUN,1.0,0.1620745542949757
field,NOUN,1,0.1031991744066047,,,,NOUN,1.0,0.1620745542949757
feature,NOUN,1,0.1031991744066047,,,,NOUN,1.0,0.1620745542949757
favorite,ADJ,1,0.1031991744066047,,,,ADJ,1.0,0.1620745542949757
fact,NOUN,1,0.1031991744066047,,,,NOUN,1.0,0.1620745542949757
facilitation,NOUN,1,0.1031991744066047,,,,NOUN,1.0,0.1620745542949757
facial,ADJ,1,0.1031991744066047,ADJ,1.0,0.2840909090909091,,,
face,NOUN,1,0.1031991744066047,,,,NOUN,1.0,0.1620745542949757
fabric,NOUN,1,0.1031991744066047,NOUN,1.0,0.2840909090909091,,,
ez,NOUN,1,0.1031991744066047,,,,NOUN,1.0,0.1620745542949757
eyestrain,NOUN,1,0.1031991744066047,,,,NOUN,1.0,0.1620745542949757
eye,NOUN,1,0.1031991744066047,,,,NOUN,1.0,0.1620745542949757
experience,NOUN,1,0.1031991744066047,,,,NOUN,1.0,0.1620745542949757
exercise,NOUN,1,0.1031991744066047,,,,NOUN,1.0,0.1620745542949757
exchange,NOUN,1,0.1031991744066047,,,,NOUN,1.0,0.1620745542949757
exam,NOUN,1,0.1031991744066047,,,,NOUN,1.0,0.1620745542949757
everytime,NOUN,1,0.1031991744066047,,,,NOUN,1.0,0.1620745542949757
focus,NOUN,1,0.1031991744066047,,,,NOUN,1.0,0.1620745542949757
forearm,ADJ,1,0.1031991744066047,ADJ,1.0,0.2840909090909091,,,
jacketsweater,NOUN,1,0.1031991744066047,,,,NOUN,1.0,0.1620745542949757
form,NOUN,1,0.1031991744066047,,,,NOUN,1.0,0.1620745542949757
interval,NOUN,1,0.1031991744066047,,,,NOUN,1.0,0.1620745542949757
input,NOUN,1,0.1031991744066047,,,,NOUN,1.0,0.1620745542949757
indooroutdoor,NOUN,1,0.1031991744066047,,,,NOUN,1.0,0.1620745542949757
hydrated,ADJ,1,0.1031991744066047,,,,ADJ,1.0,0.1620745542949757
hotel,NOUN,1,0.1031991744066047,,,,NOUN,1.0,0.1620745542949757
high,ADJ,1,0.1031991744066047,,,,ADJ,1.0,0.1620745542949757
help,NOUN,1,0.1031991744066047,NOUN,1.0,0.2840909090909091,,,
height,NOUN,1,0.1031991744066047,NOUN,1.0,0.2840909090909091,,,
headset,NOUN,1,0.1031991744066047,,,,NOUN,1.0,0.1620745542949757
hard,ADJ,1,0.1031991744066047,,,,ADJ,1.0,0.1620745542949757
hall,NOUN,1,0.1031991744066047,,,,NOUN,1.0,0.1620745542949757
gym,NOUN,1,0.1031991744066047,,,,NOUN,1.0,0.1620745542949757
guard,NOUN,1,0.1031991744066047,,,,NOUN,1.0,0.1620745542949757
good,ADJ,1,0.1031991744066047,,,,ADJ,1.0,0.1620745542949757
glossy,ADJ,1,0.1031991744066047,ADJ,1.0,0.2840909090909091,,,
glassesheadset,NOUN,1,0.1031991744066047,,,,NOUN,1.0,0.1620745542949757
gesture,NOUN,1,0.1031991744066047,NOUN,1.0,0.2840909090909091,,,
gentle,ADJ,1,0.1031991744066047,ADJ,1.0,0.2840909090909091,,,
front,ADJ,1,0.1031991744066047,ADJ,1.0,0.2840909090909091,,,
friend,NOUN,1,0.1031991744066047,,,,NOUN,1.0,0.1620745542949757
format,NOUN,1,0.1031991744066047,,,,NOUN,1.0,0.1620745542949757
yelloworange,NOUN,1,0.1031991744066047,NOUN,1.0,0.2840909090909091,,,
